userId,userName,departmentId,rank
u00000,進藤優菜,d00003,S1
u00001,前原愛,d00002,S1
u00002,小寺遥花,d00006,J1
u00003,石野真理雄,d00009,S1
u00004,森永貞男,d00003,S1
u00005,滝田麻巳子,d00001,J5
u00006,下山伊織,d00005,J3
u00007,柳瀬理紗,d00004,J3
u00008,岸裕次郎,d00003,S1
u00009,玉木歌音,d00001,J3
u00010,中山晴臣,d00007,J1
u00011,岩崎絢音,d00004,J1
u00012,小畑碧依,d00008,J4
u00013,吉川瑠花,d00006,S1
u00014,井上友吉,d00004,J1
u00015,福島敏嗣,d00005,J3
u00016,影山一二三,d00001,J3
u00017,梶原菜央,d00005,S2
u00018,森井光子,d00005,S2
u00019,小野田剛,d00004,J1
u00020,田上雅美,d00004,S1
u00021,出口晴花,d00004,S1
u00022,氏家光彦,d00005,J2
u00023,川端賢明,d00007,J3
u00024,寺尾邦雄,d00005,J4
u00025,金田花子,d00002,J5
u00026,橋爪弘美,d00002,J1
u00027,海老原洋司,d00004,J5
u00028,上山新一郎,d00002,S1
u00029,湯浅良雄,d00007,S1
u00030,丸田純子,d00006,S2
u00031,井村竜,d00005,J2
u00032,松野美子,d00009,J2
u00033,山岡建司,d00007,J3
u00034,金森聖,d00000,J1
u00035,岡本和彦,d00007,J3
u00036,柏原沙樹,d00008,J2
u00037,宮内啓司,d00007,J4
u00038,神谷章二,d00005,J5
u00039,伴英俊,d00001,J2
u00040,市村治夫,d00000,S1
u00041,宮沢英樹,d00004,J1
u00042,石塚文隆,d00000,J2
u00043,柳原広重,d00005,J2
u00044,酒井咲来,d00008,J1
u00045,落合茂,d00001,J5
u00046,古川好男,d00004,S2
u00047,栗林美里,d00004,S2
u00048,小堀夢,d00001,J4
u00049,岡田佳佑,d00003,J5
u00050,塩崎芳夫,d00003,S1
u00051,河本和葉,d00002,J1
u00052,浅見野乃花,d00008,J4
u00053,小谷武夫,d00007,S1
u00054,永山真奈美,d00008,J2
u00055,島田義哉,d00006,J3
u00056,藤崎正彦,d00009,J2
u00057,成瀬満夫,d00003,J4
u00058,赤塚敏夫,d00002,J1
u00059,半田義昭,d00005,J4
u00060,水上琴美,d00003,J5
u00061,永島杏里,d00001,J5
u00062,赤坂基之,d00007,S1
u00063,竹下咲子,d00005,J3
u00064,田上友彦,d00003,S1
u00065,大井咲良,d00005,S2
u00066,藤原都,d00009,J4
u00067,田畑政吉,d00001,S2
u00068,野間金治,d00001,S2
u00069,牧野隆介,d00007,J4
u00070,長沢一太郎,d00002,J2
u00071,中野巌,d00004,S2
u00072,江頭竜一,d00005,S1
u00073,中尾重行,d00003,J1
u00074,清野健次,d00002,J3
u00075,山本美玲,d00001,J4
u00076,塚本喜美子,d00008,S1
u00077,李眞幸,d00003,J2
u00078,笹川長平,d00004,J3
u00079,安井千加子,d00007,S2
u00080,会田哲二,d00000,S1
u00081,岡山真奈,d00003,J5
u00082,上原茉奈,d00001,J2
u00083,大槻照夫,d00006,S2
u00084,下村奈緒美,d00001,S2
u00085,平林峻輝,d00004,J1
u00086,田中治虫,d00005,J2
u00087,矢島文子,d00004,J4
u00088,相川章一,d00004,S2
u00089,赤塚絢乃,d00000,J5
u00090,安永文昭,d00007,S1
u00091,東海林克宏,d00002,J4
u00092,稲田佳音,d00001,J5
u00093,吉田美雨,d00009,J2
u00094,宇佐美善成,d00008,S1
u00095,野田伊代,d00006,J1
u00096,佐竹舞香,d00003,S1
u00097,川野美海,d00002,J4
u00098,菅谷千晶,d00003,S1
u00099,谷桜花,d00006,J2
