userId,date,attendTime,leaveTime
u00000,20170101,9:00,18:42
u00000,20170102,9:00,17:50
u00000,20170103,9:00,18:10
u00000,20170104,9:00,21:09
u00000,20170105,9:00,20:41
u00000,20170106,9:00,17:51
u00000,20170107,9:00,20:14
u00000,20170108,9:00,17:41
u00000,20170109,9:00,17:49
u00000,20170110,9:00,19:15
u00000,20170111,9:00,21:29
u00000,20170112,9:00,17:46
u00000,20170113,9:00,19:09
u00000,20170114,9:00,20:18
u00000,20170115,9:00,18:01
u00000,20170116,9:00,18:30
u00000,20170117,9:00,20:46
u00000,20170118,9:00,18:02
u00000,20170119,9:00,18:43
u00000,20170120,9:00,19:27
u00000,20170121,9:00,20:59
u00000,20170122,9:00,20:04
u00000,20170123,9:00,21:24
u00000,20170124,9:00,18:27
u00000,20170125,9:00,18:05
u00000,20170126,9:00,17:42
u00000,20170127,9:00,20:10
u00000,20170128,9:00,20:24
u00000,20170129,9:00,18:01
u00000,20170130,9:00,21:15
u00000,20170131,9:00,18:11
u00000,20170201,9:00,17:37
u00000,20170202,9:00,19:58
u00000,20170203,9:00,21:16
u00000,20170204,9:00,19:33
u00000,20170205,9:00,19:14
u00000,20170206,9:00,18:21
u00000,20170207,9:00,20:41
u00000,20170208,9:00,19:48
u00000,20170209,9:00,19:41
u00000,20170210,9:00,19:16
u00000,20170211,9:00,18:28
u00000,20170212,9:00,20:35
u00000,20170213,9:00,19:47
u00000,20170214,9:00,17:52
u00000,20170215,9:00,18:16
u00000,20170216,9:00,18:29
u00000,20170217,9:00,17:53
u00000,20170218,9:00,20:50
u00000,20170219,9:00,20:01
u00000,20170220,9:00,17:30
u00000,20170221,9:00,21:11
u00000,20170222,9:00,20:59
u00000,20170223,9:00,21:13
u00000,20170224,9:00,18:05
u00000,20170225,9:00,19:12
u00000,20170226,9:00,19:02
u00000,20170227,9:00,19:11
u00000,20170228,9:00,21:07
u00001,20170101,9:00,19:15
u00001,20170102,9:00,18:41
u00001,20170103,9:00,20:13
u00001,20170104,9:00,18:02
u00001,20170105,9:00,17:53
u00001,20170106,9:00,19:33
u00001,20170107,9:00,17:35
u00001,20170108,9:00,20:18
u00001,20170109,9:00,20:15
u00001,20170110,9:00,20:47
u00001,20170111,9:00,20:14
u00001,20170112,9:00,18:22
u00001,20170113,9:00,19:42
u00001,20170114,9:00,19:20
u00001,20170115,9:00,20:37
u00001,20170116,9:00,19:56
u00001,20170117,9:00,21:24
u00001,20170118,9:00,19:08
u00001,20170119,9:00,18:52
u00001,20170120,9:00,18:37
u00001,20170121,9:00,20:58
u00001,20170122,9:00,17:54
u00001,20170123,9:00,19:49
u00001,20170124,9:00,19:42
u00001,20170125,9:00,19:20
u00001,20170126,9:00,17:48
u00001,20170127,9:00,18:09
u00001,20170128,9:00,17:46
u00001,20170129,9:00,20:18
u00001,20170130,9:00,19:14
u00001,20170131,9:00,17:53
u00001,20170201,9:00,19:02
u00001,20170202,9:00,20:11
u00001,20170203,9:00,18:44
u00001,20170204,9:00,18:08
u00001,20170205,9:00,20:45
u00001,20170206,9:00,19:37
u00001,20170207,9:00,17:46
u00001,20170208,9:00,18:35
u00001,20170209,9:00,20:09
u00001,20170210,9:00,19:24
u00001,20170211,9:00,21:16
u00001,20170212,9:00,19:53
u00001,20170213,9:00,19:04
u00001,20170214,9:00,19:14
u00001,20170215,9:00,20:09
u00001,20170216,9:00,20:12
u00001,20170217,9:00,20:43
u00001,20170218,9:00,17:48
u00001,20170219,9:00,19:04
u00001,20170220,9:00,19:07
u00001,20170221,9:00,18:56
u00001,20170222,9:00,18:06
u00001,20170223,9:00,20:01
u00001,20170224,9:00,18:15
u00001,20170225,9:00,20:55
u00001,20170226,9:00,17:59
u00001,20170227,9:00,17:37
u00001,20170228,9:00,18:15
u00002,20170101,9:00,17:30
u00002,20170102,9:00,18:13
u00002,20170103,9:00,18:49
u00002,20170104,9:00,17:32
u00002,20170105,9:00,20:57
u00002,20170106,9:00,18:09
u00002,20170107,9:00,17:50
u00002,20170108,9:00,18:42
u00002,20170109,9:00,20:28
u00002,20170110,9:00,19:42
u00002,20170111,9:00,21:20
u00002,20170112,9:00,21:01
u00002,20170113,9:00,20:55
u00002,20170114,9:00,19:15
u00002,20170115,9:00,18:14
u00002,20170116,9:00,17:47
u00002,20170117,9:00,21:16
u00002,20170118,9:00,18:22
u00002,20170119,9:00,19:01
u00002,20170120,9:00,21:28
u00002,20170121,9:00,19:10
u00002,20170122,9:00,19:24
u00002,20170123,9:00,20:33
u00002,20170124,9:00,17:39
u00002,20170125,9:00,20:01
u00002,20170126,9:00,17:37
u00002,20170127,9:00,21:27
u00002,20170128,9:00,19:07
u00002,20170129,9:00,17:35
u00002,20170130,9:00,20:12
u00002,20170131,9:00,19:11
u00002,20170201,9:00,20:54
u00002,20170202,9:00,18:14
u00002,20170203,9:00,17:57
u00002,20170204,9:00,19:54
u00002,20170205,9:00,18:05
u00002,20170206,9:00,21:23
u00002,20170207,9:00,19:04
u00002,20170208,9:00,21:23
u00002,20170209,9:00,19:25
u00002,20170210,9:00,19:35
u00002,20170211,9:00,18:04
u00002,20170212,9:00,19:49
u00002,20170213,9:00,18:50
u00002,20170214,9:00,20:10
u00002,20170215,9:00,20:45
u00002,20170216,9:00,18:20
u00002,20170217,9:00,18:19
u00002,20170218,9:00,20:01
u00002,20170219,9:00,17:46
u00002,20170220,9:00,19:54
u00002,20170221,9:00,21:19
u00002,20170222,9:00,17:32
u00002,20170223,9:00,19:41
u00002,20170224,9:00,21:12
u00002,20170225,9:00,19:03
u00002,20170226,9:00,17:40
u00002,20170227,9:00,18:32
u00002,20170228,9:00,18:16
u00003,20170101,9:00,20:50
u00003,20170102,9:00,19:16
u00003,20170103,9:00,18:07
u00003,20170104,9:00,18:51
u00003,20170105,9:00,18:02
u00003,20170106,9:00,20:22
u00003,20170107,9:00,19:24
u00003,20170108,9:00,21:19
u00003,20170109,9:00,20:15
u00003,20170110,9:00,19:15
u00003,20170111,9:00,18:39
u00003,20170112,9:00,20:48
u00003,20170113,9:00,20:17
u00003,20170114,9:00,19:37
u00003,20170115,9:00,21:12
u00003,20170116,9:00,20:22
u00003,20170117,9:00,19:27
u00003,20170118,9:00,21:11
u00003,20170119,9:00,21:03
u00003,20170120,9:00,21:08
u00003,20170121,9:00,19:47
u00003,20170122,9:00,18:35
u00003,20170123,9:00,19:13
u00003,20170124,9:00,17:56
u00003,20170125,9:00,20:12
u00003,20170126,9:00,19:32
u00003,20170127,9:00,20:02
u00003,20170128,9:00,20:48
u00003,20170129,9:00,19:15
u00003,20170130,9:00,20:33
u00003,20170131,9:00,20:35
u00003,20170201,9:00,20:41
u00003,20170202,9:00,20:24
u00003,20170203,9:00,19:18
u00003,20170204,9:00,20:10
u00003,20170205,9:00,20:42
u00003,20170206,9:00,17:32
u00003,20170207,9:00,20:47
u00003,20170208,9:00,20:22
u00003,20170209,9:00,20:15
u00003,20170210,9:00,19:18
u00003,20170211,9:00,17:38
u00003,20170212,9:00,19:30
u00003,20170213,9:00,20:34
u00003,20170214,9:00,21:05
u00003,20170215,9:00,21:23
u00003,20170216,9:00,19:43
u00003,20170217,9:00,20:57
u00003,20170218,9:00,18:51
u00003,20170219,9:00,18:40
u00003,20170220,9:00,19:14
u00003,20170221,9:00,18:00
u00003,20170222,9:00,17:30
u00003,20170223,9:00,21:16
u00003,20170224,9:00,20:55
u00003,20170225,9:00,19:05
u00003,20170226,9:00,19:29
u00003,20170227,9:00,18:08
u00003,20170228,9:00,18:46
u00004,20170101,9:00,18:52
u00004,20170102,9:00,18:40
u00004,20170103,9:00,21:13
u00004,20170104,9:00,18:54
u00004,20170105,9:00,19:34
u00004,20170106,9:00,20:36
u00004,20170107,9:00,18:50
u00004,20170108,9:00,19:03
u00004,20170109,9:00,21:26
u00004,20170110,9:00,20:40
u00004,20170111,9:00,17:49
u00004,20170112,9:00,18:30
u00004,20170113,9:00,20:29
u00004,20170114,9:00,17:59
u00004,20170115,9:00,20:05
u00004,20170116,9:00,18:57
u00004,20170117,9:00,20:05
u00004,20170118,9:00,19:10
u00004,20170119,9:00,17:37
u00004,20170120,9:00,19:48
u00004,20170121,9:00,20:27
u00004,20170122,9:00,20:01
u00004,20170123,9:00,19:01
u00004,20170124,9:00,17:39
u00004,20170125,9:00,18:56
u00004,20170126,9:00,20:10
u00004,20170127,9:00,21:13
u00004,20170128,9:00,21:29
u00004,20170129,9:00,19:27
u00004,20170130,9:00,21:00
u00004,20170131,9:00,17:47
u00004,20170201,9:00,21:28
u00004,20170202,9:00,19:14
u00004,20170203,9:00,18:11
u00004,20170204,9:00,21:06
u00004,20170205,9:00,21:24
u00004,20170206,9:00,20:20
u00004,20170207,9:00,18:42
u00004,20170208,9:00,20:45
u00004,20170209,9:00,19:11
u00004,20170210,9:00,20:45
u00004,20170211,9:00,21:18
u00004,20170212,9:00,20:38
u00004,20170213,9:00,20:26
u00004,20170214,9:00,17:59
u00004,20170215,9:00,18:37
u00004,20170216,9:00,20:25
u00004,20170217,9:00,20:56
u00004,20170218,9:00,19:33
u00004,20170219,9:00,20:06
u00004,20170220,9:00,21:27
u00004,20170221,9:00,18:10
u00004,20170222,9:00,18:43
u00004,20170223,9:00,18:27
u00004,20170224,9:00,18:46
u00004,20170225,9:00,19:33
u00004,20170226,9:00,18:18
u00004,20170227,9:00,19:36
u00004,20170228,9:00,21:22
u00005,20170101,9:00,20:10
u00005,20170102,9:00,18:46
u00005,20170103,9:00,21:27
u00005,20170104,9:00,18:10
u00005,20170105,9:00,17:31
u00005,20170106,9:00,18:36
u00005,20170107,9:00,20:20
u00005,20170108,9:00,19:06
u00005,20170109,9:00,17:56
u00005,20170110,9:00,18:13
u00005,20170111,9:00,19:55
u00005,20170112,9:00,18:37
u00005,20170113,9:00,18:04
u00005,20170114,9:00,18:18
u00005,20170115,9:00,20:32
u00005,20170116,9:00,20:00
u00005,20170117,9:00,19:02
u00005,20170118,9:00,18:31
u00005,20170119,9:00,20:14
u00005,20170120,9:00,20:02
u00005,20170121,9:00,18:43
u00005,20170122,9:00,19:07
u00005,20170123,9:00,19:46
u00005,20170124,9:00,17:53
u00005,20170125,9:00,20:12
u00005,20170126,9:00,18:23
u00005,20170127,9:00,19:02
u00005,20170128,9:00,17:32
u00005,20170129,9:00,20:48
u00005,20170130,9:00,17:52
u00005,20170131,9:00,17:37
u00005,20170201,9:00,18:09
u00005,20170202,9:00,18:31
u00005,20170203,9:00,19:35
u00005,20170204,9:00,17:32
u00005,20170205,9:00,18:51
u00005,20170206,9:00,19:49
u00005,20170207,9:00,20:02
u00005,20170208,9:00,18:51
u00005,20170209,9:00,20:53
u00005,20170210,9:00,21:13
u00005,20170211,9:00,20:05
u00005,20170212,9:00,21:10
u00005,20170213,9:00,20:46
u00005,20170214,9:00,20:05
u00005,20170215,9:00,20:13
u00005,20170216,9:00,20:42
u00005,20170217,9:00,18:38
u00005,20170218,9:00,19:38
u00005,20170219,9:00,20:11
u00005,20170220,9:00,18:57
u00005,20170221,9:00,18:55
u00005,20170222,9:00,19:31
u00005,20170223,9:00,17:59
u00005,20170224,9:00,20:09
u00005,20170225,9:00,21:20
u00005,20170226,9:00,17:34
u00005,20170227,9:00,18:51
u00005,20170228,9:00,21:22
u00006,20170101,9:00,19:41
u00006,20170102,9:00,20:11
u00006,20170103,9:00,17:33
u00006,20170104,9:00,21:16
u00006,20170105,9:00,19:41
u00006,20170106,9:00,20:05
u00006,20170107,9:00,20:11
u00006,20170108,9:00,18:25
u00006,20170109,9:00,21:25
u00006,20170110,9:00,19:05
u00006,20170111,9:00,21:22
u00006,20170112,9:00,19:24
u00006,20170113,9:00,17:59
u00006,20170114,9:00,18:06
u00006,20170115,9:00,20:05
u00006,20170116,9:00,21:19
u00006,20170117,9:00,17:32
u00006,20170118,9:00,19:49
u00006,20170119,9:00,19:36
u00006,20170120,9:00,18:14
u00006,20170121,9:00,18:11
u00006,20170122,9:00,19:44
u00006,20170123,9:00,20:10
u00006,20170124,9:00,21:08
u00006,20170125,9:00,20:19
u00006,20170126,9:00,21:23
u00006,20170127,9:00,19:06
u00006,20170128,9:00,18:18
u00006,20170129,9:00,19:13
u00006,20170130,9:00,19:15
u00006,20170131,9:00,20:08
u00006,20170201,9:00,20:37
u00006,20170202,9:00,20:55
u00006,20170203,9:00,19:23
u00006,20170204,9:00,18:38
u00006,20170205,9:00,19:43
u00006,20170206,9:00,18:54
u00006,20170207,9:00,19:16
u00006,20170208,9:00,18:55
u00006,20170209,9:00,18:57
u00006,20170210,9:00,19:03
u00006,20170211,9:00,19:31
u00006,20170212,9:00,19:08
u00006,20170213,9:00,20:35
u00006,20170214,9:00,21:13
u00006,20170215,9:00,19:39
u00006,20170216,9:00,18:57
u00006,20170217,9:00,21:02
u00006,20170218,9:00,18:06
u00006,20170219,9:00,21:18
u00006,20170220,9:00,18:45
u00006,20170221,9:00,17:38
u00006,20170222,9:00,19:16
u00006,20170223,9:00,18:32
u00006,20170224,9:00,21:03
u00006,20170225,9:00,19:04
u00006,20170226,9:00,18:28
u00006,20170227,9:00,17:55
u00006,20170228,9:00,20:38
u00007,20170101,9:00,19:44
u00007,20170102,9:00,18:08
u00007,20170103,9:00,21:09
u00007,20170104,9:00,20:05
u00007,20170105,9:00,19:06
u00007,20170106,9:00,17:48
u00007,20170107,9:00,19:21
u00007,20170108,9:00,20:54
u00007,20170109,9:00,18:11
u00007,20170110,9:00,20:43
u00007,20170111,9:00,18:41
u00007,20170112,9:00,21:18
u00007,20170113,9:00,21:15
u00007,20170114,9:00,20:55
u00007,20170115,9:00,20:31
u00007,20170116,9:00,20:27
u00007,20170117,9:00,19:57
u00007,20170118,9:00,20:37
u00007,20170119,9:00,21:20
u00007,20170120,9:00,18:18
u00007,20170121,9:00,17:45
u00007,20170122,9:00,19:32
u00007,20170123,9:00,18:19
u00007,20170124,9:00,20:10
u00007,20170125,9:00,18:15
u00007,20170126,9:00,19:41
u00007,20170127,9:00,21:25
u00007,20170128,9:00,18:55
u00007,20170129,9:00,19:22
u00007,20170130,9:00,20:31
u00007,20170131,9:00,18:19
u00007,20170201,9:00,19:03
u00007,20170202,9:00,20:09
u00007,20170203,9:00,19:58
u00007,20170204,9:00,18:19
u00007,20170205,9:00,20:42
u00007,20170206,9:00,19:58
u00007,20170207,9:00,20:10
u00007,20170208,9:00,21:02
u00007,20170209,9:00,17:44
u00007,20170210,9:00,19:11
u00007,20170211,9:00,20:18
u00007,20170212,9:00,18:44
u00007,20170213,9:00,21:08
u00007,20170214,9:00,19:21
u00007,20170215,9:00,19:49
u00007,20170216,9:00,18:01
u00007,20170217,9:00,20:33
u00007,20170218,9:00,18:45
u00007,20170219,9:00,17:35
u00007,20170220,9:00,17:38
u00007,20170221,9:00,20:02
u00007,20170222,9:00,20:23
u00007,20170223,9:00,19:29
u00007,20170224,9:00,20:02
u00007,20170225,9:00,20:40
u00007,20170226,9:00,19:24
u00007,20170227,9:00,19:38
u00007,20170228,9:00,17:39
u00008,20170101,9:00,21:10
u00008,20170102,9:00,20:16
u00008,20170103,9:00,17:44
u00008,20170104,9:00,21:01
u00008,20170105,9:00,18:08
u00008,20170106,9:00,21:28
u00008,20170107,9:00,20:30
u00008,20170108,9:00,17:31
u00008,20170109,9:00,18:32
u00008,20170110,9:00,19:05
u00008,20170111,9:00,19:25
u00008,20170112,9:00,18:57
u00008,20170113,9:00,18:29
u00008,20170114,9:00,21:21
u00008,20170115,9:00,17:54
u00008,20170116,9:00,19:12
u00008,20170117,9:00,18:32
u00008,20170118,9:00,19:14
u00008,20170119,9:00,18:23
u00008,20170120,9:00,18:53
u00008,20170121,9:00,20:50
u00008,20170122,9:00,18:14
u00008,20170123,9:00,20:33
u00008,20170124,9:00,17:46
u00008,20170125,9:00,17:41
u00008,20170126,9:00,20:27
u00008,20170127,9:00,17:37
u00008,20170128,9:00,19:53
u00008,20170129,9:00,19:30
u00008,20170130,9:00,20:20
u00008,20170131,9:00,19:49
u00008,20170201,9:00,19:15
u00008,20170202,9:00,20:36
u00008,20170203,9:00,19:40
u00008,20170204,9:00,18:14
u00008,20170205,9:00,20:05
u00008,20170206,9:00,20:46
u00008,20170207,9:00,19:54
u00008,20170208,9:00,18:00
u00008,20170209,9:00,21:10
u00008,20170210,9:00,21:22
u00008,20170211,9:00,20:23
u00008,20170212,9:00,20:26
u00008,20170213,9:00,20:44
u00008,20170214,9:00,20:18
u00008,20170215,9:00,20:09
u00008,20170216,9:00,19:52
u00008,20170217,9:00,17:43
u00008,20170218,9:00,17:32
u00008,20170219,9:00,19:11
u00008,20170220,9:00,17:32
u00008,20170221,9:00,20:43
u00008,20170222,9:00,18:19
u00008,20170223,9:00,20:45
u00008,20170224,9:00,19:26
u00008,20170225,9:00,19:13
u00008,20170226,9:00,19:13
u00008,20170227,9:00,18:44
u00008,20170228,9:00,19:59
u00009,20170101,9:00,19:56
u00009,20170102,9:00,19:46
u00009,20170103,9:00,20:09
u00009,20170104,9:00,21:05
u00009,20170105,9:00,17:42
u00009,20170106,9:00,19:25
u00009,20170107,9:00,19:11
u00009,20170108,9:00,18:27
u00009,20170109,9:00,19:55
u00009,20170110,9:00,19:50
u00009,20170111,9:00,18:21
u00009,20170112,9:00,17:45
u00009,20170113,9:00,20:36
u00009,20170114,9:00,19:15
u00009,20170115,9:00,19:30
u00009,20170116,9:00,18:09
u00009,20170117,9:00,19:22
u00009,20170118,9:00,19:59
u00009,20170119,9:00,17:45
u00009,20170120,9:00,20:20
u00009,20170121,9:00,19:59
u00009,20170122,9:00,20:08
u00009,20170123,9:00,17:32
u00009,20170124,9:00,18:12
u00009,20170125,9:00,17:37
u00009,20170126,9:00,18:29
u00009,20170127,9:00,19:30
u00009,20170128,9:00,20:38
u00009,20170129,9:00,20:16
u00009,20170130,9:00,20:54
u00009,20170131,9:00,18:11
u00009,20170201,9:00,21:19
u00009,20170202,9:00,20:32
u00009,20170203,9:00,20:24
u00009,20170204,9:00,19:31
u00009,20170205,9:00,18:54
u00009,20170206,9:00,21:19
u00009,20170207,9:00,20:55
u00009,20170208,9:00,20:11
u00009,20170209,9:00,20:01
u00009,20170210,9:00,18:47
u00009,20170211,9:00,21:10
u00009,20170212,9:00,19:30
u00009,20170213,9:00,19:22
u00009,20170214,9:00,21:12
u00009,20170215,9:00,18:53
u00009,20170216,9:00,20:14
u00009,20170217,9:00,19:49
u00009,20170218,9:00,18:08
u00009,20170219,9:00,20:30
u00009,20170220,9:00,19:23
u00009,20170221,9:00,19:42
u00009,20170222,9:00,18:20
u00009,20170223,9:00,19:42
u00009,20170224,9:00,20:02
u00009,20170225,9:00,21:15
u00009,20170226,9:00,18:39
u00009,20170227,9:00,18:36
u00009,20170228,9:00,20:19
u00010,20170101,9:00,18:40
u00010,20170102,9:00,17:41
u00010,20170103,9:00,20:06
u00010,20170104,9:00,20:36
u00010,20170105,9:00,20:37
u00010,20170106,9:00,20:07
u00010,20170107,9:00,19:07
u00010,20170108,9:00,19:02
u00010,20170109,9:00,20:31
u00010,20170110,9:00,17:58
u00010,20170111,9:00,17:31
u00010,20170112,9:00,19:43
u00010,20170113,9:00,19:09
u00010,20170114,9:00,20:14
u00010,20170115,9:00,19:30
u00010,20170116,9:00,19:41
u00010,20170117,9:00,20:25
u00010,20170118,9:00,20:59
u00010,20170119,9:00,17:35
u00010,20170120,9:00,19:41
u00010,20170121,9:00,18:36
u00010,20170122,9:00,20:14
u00010,20170123,9:00,20:52
u00010,20170124,9:00,17:51
u00010,20170125,9:00,18:48
u00010,20170126,9:00,17:45
u00010,20170127,9:00,18:13
u00010,20170128,9:00,18:31
u00010,20170129,9:00,17:45
u00010,20170130,9:00,20:54
u00010,20170131,9:00,18:50
u00010,20170201,9:00,20:07
u00010,20170202,9:00,18:47
u00010,20170203,9:00,18:16
u00010,20170204,9:00,18:44
u00010,20170205,9:00,18:44
u00010,20170206,9:00,19:35
u00010,20170207,9:00,17:45
u00010,20170208,9:00,19:13
u00010,20170209,9:00,17:54
u00010,20170210,9:00,20:18
u00010,20170211,9:00,18:21
u00010,20170212,9:00,19:58
u00010,20170213,9:00,19:56
u00010,20170214,9:00,19:14
u00010,20170215,9:00,20:18
u00010,20170216,9:00,20:57
u00010,20170217,9:00,20:37
u00010,20170218,9:00,17:34
u00010,20170219,9:00,21:10
u00010,20170220,9:00,18:23
u00010,20170221,9:00,17:40
u00010,20170222,9:00,21:08
u00010,20170223,9:00,20:47
u00010,20170224,9:00,17:48
u00010,20170225,9:00,18:26
u00010,20170226,9:00,19:55
u00010,20170227,9:00,17:32
u00010,20170228,9:00,20:06
u00011,20170101,9:00,17:34
u00011,20170102,9:00,21:28
u00011,20170103,9:00,19:39
u00011,20170104,9:00,21:02
u00011,20170105,9:00,18:52
u00011,20170106,9:00,18:00
u00011,20170107,9:00,20:26
u00011,20170108,9:00,19:43
u00011,20170109,9:00,19:08
u00011,20170110,9:00,17:54
u00011,20170111,9:00,21:17
u00011,20170112,9:00,18:07
u00011,20170113,9:00,21:01
u00011,20170114,9:00,20:12
u00011,20170115,9:00,19:39
u00011,20170116,9:00,18:43
u00011,20170117,9:00,19:44
u00011,20170118,9:00,21:03
u00011,20170119,9:00,19:51
u00011,20170120,9:00,20:10
u00011,20170121,9:00,18:41
u00011,20170122,9:00,18:52
u00011,20170123,9:00,19:21
u00011,20170124,9:00,20:12
u00011,20170125,9:00,18:41
u00011,20170126,9:00,18:19
u00011,20170127,9:00,18:40
u00011,20170128,9:00,21:15
u00011,20170129,9:00,18:54
u00011,20170130,9:00,17:34
u00011,20170131,9:00,17:41
u00011,20170201,9:00,20:30
u00011,20170202,9:00,20:19
u00011,20170203,9:00,17:42
u00011,20170204,9:00,21:06
u00011,20170205,9:00,19:28
u00011,20170206,9:00,18:56
u00011,20170207,9:00,20:24
u00011,20170208,9:00,17:50
u00011,20170209,9:00,18:57
u00011,20170210,9:00,20:42
u00011,20170211,9:00,20:43
u00011,20170212,9:00,19:51
u00011,20170213,9:00,19:40
u00011,20170214,9:00,19:29
u00011,20170215,9:00,18:47
u00011,20170216,9:00,20:02
u00011,20170217,9:00,19:03
u00011,20170218,9:00,19:53
u00011,20170219,9:00,17:37
u00011,20170220,9:00,17:35
u00011,20170221,9:00,18:45
u00011,20170222,9:00,20:12
u00011,20170223,9:00,21:27
u00011,20170224,9:00,17:56
u00011,20170225,9:00,17:52
u00011,20170226,9:00,20:04
u00011,20170227,9:00,18:26
u00011,20170228,9:00,19:13
u00012,20170101,9:00,21:16
u00012,20170102,9:00,20:06
u00012,20170103,9:00,20:21
u00012,20170104,9:00,18:22
u00012,20170105,9:00,18:37
u00012,20170106,9:00,21:06
u00012,20170107,9:00,19:29
u00012,20170108,9:00,21:05
u00012,20170109,9:00,18:36
u00012,20170110,9:00,18:27
u00012,20170111,9:00,19:53
u00012,20170112,9:00,20:22
u00012,20170113,9:00,18:54
u00012,20170114,9:00,19:20
u00012,20170115,9:00,19:59
u00012,20170116,9:00,18:00
u00012,20170117,9:00,20:49
u00012,20170118,9:00,18:16
u00012,20170119,9:00,19:15
u00012,20170120,9:00,21:27
u00012,20170121,9:00,19:57
u00012,20170122,9:00,20:30
u00012,20170123,9:00,18:03
u00012,20170124,9:00,20:14
u00012,20170125,9:00,19:29
u00012,20170126,9:00,17:43
u00012,20170127,9:00,19:45
u00012,20170128,9:00,19:53
u00012,20170129,9:00,17:31
u00012,20170130,9:00,19:10
u00012,20170131,9:00,21:23
u00012,20170201,9:00,19:49
u00012,20170202,9:00,19:12
u00012,20170203,9:00,17:37
u00012,20170204,9:00,18:33
u00012,20170205,9:00,18:42
u00012,20170206,9:00,20:43
u00012,20170207,9:00,19:13
u00012,20170208,9:00,19:47
u00012,20170209,9:00,18:49
u00012,20170210,9:00,21:09
u00012,20170211,9:00,18:59
u00012,20170212,9:00,19:54
u00012,20170213,9:00,18:27
u00012,20170214,9:00,21:02
u00012,20170215,9:00,17:30
u00012,20170216,9:00,17:33
u00012,20170217,9:00,17:32
u00012,20170218,9:00,17:45
u00012,20170219,9:00,19:31
u00012,20170220,9:00,18:23
u00012,20170221,9:00,19:38
u00012,20170222,9:00,20:46
u00012,20170223,9:00,20:57
u00012,20170224,9:00,19:35
u00012,20170225,9:00,21:23
u00012,20170226,9:00,19:21
u00012,20170227,9:00,20:26
u00012,20170228,9:00,17:47
u00013,20170101,9:00,21:26
u00013,20170102,9:00,19:02
u00013,20170103,9:00,19:01
u00013,20170104,9:00,19:01
u00013,20170105,9:00,20:41
u00013,20170106,9:00,17:51
u00013,20170107,9:00,17:42
u00013,20170108,9:00,18:12
u00013,20170109,9:00,17:34
u00013,20170110,9:00,19:32
u00013,20170111,9:00,21:10
u00013,20170112,9:00,18:59
u00013,20170113,9:00,19:59
u00013,20170114,9:00,18:21
u00013,20170115,9:00,19:21
u00013,20170116,9:00,17:44
u00013,20170117,9:00,18:01
u00013,20170118,9:00,17:42
u00013,20170119,9:00,18:42
u00013,20170120,9:00,18:19
u00013,20170121,9:00,17:57
u00013,20170122,9:00,18:54
u00013,20170123,9:00,20:07
u00013,20170124,9:00,21:13
u00013,20170125,9:00,21:02
u00013,20170126,9:00,21:06
u00013,20170127,9:00,19:35
u00013,20170128,9:00,19:28
u00013,20170129,9:00,20:29
u00013,20170130,9:00,17:49
u00013,20170131,9:00,19:34
u00013,20170201,9:00,21:10
u00013,20170202,9:00,19:06
u00013,20170203,9:00,21:09
u00013,20170204,9:00,21:02
u00013,20170205,9:00,19:26
u00013,20170206,9:00,18:41
u00013,20170207,9:00,18:30
u00013,20170208,9:00,17:39
u00013,20170209,9:00,20:38
u00013,20170210,9:00,17:30
u00013,20170211,9:00,18:16
u00013,20170212,9:00,18:27
u00013,20170213,9:00,21:05
u00013,20170214,9:00,17:44
u00013,20170215,9:00,20:43
u00013,20170216,9:00,18:31
u00013,20170217,9:00,19:26
u00013,20170218,9:00,21:16
u00013,20170219,9:00,20:51
u00013,20170220,9:00,17:40
u00013,20170221,9:00,20:18
u00013,20170222,9:00,18:46
u00013,20170223,9:00,19:05
u00013,20170224,9:00,20:11
u00013,20170225,9:00,20:49
u00013,20170226,9:00,17:41
u00013,20170227,9:00,21:13
u00013,20170228,9:00,18:13
u00014,20170101,9:00,20:15
u00014,20170102,9:00,18:12
u00014,20170103,9:00,20:17
u00014,20170104,9:00,18:52
u00014,20170105,9:00,20:07
u00014,20170106,9:00,19:38
u00014,20170107,9:00,18:33
u00014,20170108,9:00,18:21
u00014,20170109,9:00,19:11
u00014,20170110,9:00,20:20
u00014,20170111,9:00,19:14
u00014,20170112,9:00,21:10
u00014,20170113,9:00,21:01
u00014,20170114,9:00,20:55
u00014,20170115,9:00,19:04
u00014,20170116,9:00,20:53
u00014,20170117,9:00,19:48
u00014,20170118,9:00,18:09
u00014,20170119,9:00,19:06
u00014,20170120,9:00,20:18
u00014,20170121,9:00,19:47
u00014,20170122,9:00,19:11
u00014,20170123,9:00,19:24
u00014,20170124,9:00,21:08
u00014,20170125,9:00,18:28
u00014,20170126,9:00,18:45
u00014,20170127,9:00,20:26
u00014,20170128,9:00,20:56
u00014,20170129,9:00,20:53
u00014,20170130,9:00,19:18
u00014,20170131,9:00,20:25
u00014,20170201,9:00,19:52
u00014,20170202,9:00,17:47
u00014,20170203,9:00,20:29
u00014,20170204,9:00,20:54
u00014,20170205,9:00,21:21
u00014,20170206,9:00,19:43
u00014,20170207,9:00,18:56
u00014,20170208,9:00,19:11
u00014,20170209,9:00,19:19
u00014,20170210,9:00,18:52
u00014,20170211,9:00,17:34
u00014,20170212,9:00,18:31
u00014,20170213,9:00,18:10
u00014,20170214,9:00,20:18
u00014,20170215,9:00,18:28
u00014,20170216,9:00,20:46
u00014,20170217,9:00,20:14
u00014,20170218,9:00,17:47
u00014,20170219,9:00,20:02
u00014,20170220,9:00,19:55
u00014,20170221,9:00,17:41
u00014,20170222,9:00,17:58
u00014,20170223,9:00,18:24
u00014,20170224,9:00,19:09
u00014,20170225,9:00,18:14
u00014,20170226,9:00,20:12
u00014,20170227,9:00,19:28
u00014,20170228,9:00,18:16
u00015,20170101,9:00,19:46
u00015,20170102,9:00,20:32
u00015,20170103,9:00,18:33
u00015,20170104,9:00,17:56
u00015,20170105,9:00,21:07
u00015,20170106,9:00,18:33
u00015,20170107,9:00,18:31
u00015,20170108,9:00,17:53
u00015,20170109,9:00,19:54
u00015,20170110,9:00,19:12
u00015,20170111,9:00,18:35
u00015,20170112,9:00,19:46
u00015,20170113,9:00,18:51
u00015,20170114,9:00,20:38
u00015,20170115,9:00,21:11
u00015,20170116,9:00,19:11
u00015,20170117,9:00,21:18
u00015,20170118,9:00,20:48
u00015,20170119,9:00,19:33
u00015,20170120,9:00,17:31
u00015,20170121,9:00,19:25
u00015,20170122,9:00,20:03
u00015,20170123,9:00,19:23
u00015,20170124,9:00,20:48
u00015,20170125,9:00,19:55
u00015,20170126,9:00,17:38
u00015,20170127,9:00,18:17
u00015,20170128,9:00,18:30
u00015,20170129,9:00,18:46
u00015,20170130,9:00,18:51
u00015,20170131,9:00,20:01
u00015,20170201,9:00,18:40
u00015,20170202,9:00,20:34
u00015,20170203,9:00,20:44
u00015,20170204,9:00,18:43
u00015,20170205,9:00,18:53
u00015,20170206,9:00,18:34
u00015,20170207,9:00,20:28
u00015,20170208,9:00,20:04
u00015,20170209,9:00,18:34
u00015,20170210,9:00,19:45
u00015,20170211,9:00,18:56
u00015,20170212,9:00,20:04
u00015,20170213,9:00,19:11
u00015,20170214,9:00,19:49
u00015,20170215,9:00,18:56
u00015,20170216,9:00,18:39
u00015,20170217,9:00,19:17
u00015,20170218,9:00,17:40
u00015,20170219,9:00,20:14
u00015,20170220,9:00,19:15
u00015,20170221,9:00,18:36
u00015,20170222,9:00,19:46
u00015,20170223,9:00,18:20
u00015,20170224,9:00,17:38
u00015,20170225,9:00,19:55
u00015,20170226,9:00,17:40
u00015,20170227,9:00,19:29
u00015,20170228,9:00,18:32
u00016,20170101,9:00,18:56
u00016,20170102,9:00,18:03
u00016,20170103,9:00,18:17
u00016,20170104,9:00,20:53
u00016,20170105,9:00,21:25
u00016,20170106,9:00,17:52
u00016,20170107,9:00,17:57
u00016,20170108,9:00,18:16
u00016,20170109,9:00,19:47
u00016,20170110,9:00,20:44
u00016,20170111,9:00,20:26
u00016,20170112,9:00,20:22
u00016,20170113,9:00,21:28
u00016,20170114,9:00,21:03
u00016,20170115,9:00,18:32
u00016,20170116,9:00,19:53
u00016,20170117,9:00,20:23
u00016,20170118,9:00,20:19
u00016,20170119,9:00,17:50
u00016,20170120,9:00,20:31
u00016,20170121,9:00,19:10
u00016,20170122,9:00,21:10
u00016,20170123,9:00,18:34
u00016,20170124,9:00,20:37
u00016,20170125,9:00,21:03
u00016,20170126,9:00,18:50
u00016,20170127,9:00,18:28
u00016,20170128,9:00,19:53
u00016,20170129,9:00,20:36
u00016,20170130,9:00,20:12
u00016,20170131,9:00,20:25
u00016,20170201,9:00,18:06
u00016,20170202,9:00,18:33
u00016,20170203,9:00,18:23
u00016,20170204,9:00,18:32
u00016,20170205,9:00,21:20
u00016,20170206,9:00,18:43
u00016,20170207,9:00,18:38
u00016,20170208,9:00,21:24
u00016,20170209,9:00,21:02
u00016,20170210,9:00,18:47
u00016,20170211,9:00,20:47
u00016,20170212,9:00,18:41
u00016,20170213,9:00,17:49
u00016,20170214,9:00,18:00
u00016,20170215,9:00,19:46
u00016,20170216,9:00,21:08
u00016,20170217,9:00,20:48
u00016,20170218,9:00,21:03
u00016,20170219,9:00,19:52
u00016,20170220,9:00,17:41
u00016,20170221,9:00,19:12
u00016,20170222,9:00,18:16
u00016,20170223,9:00,18:20
u00016,20170224,9:00,19:01
u00016,20170225,9:00,18:22
u00016,20170226,9:00,17:34
u00016,20170227,9:00,20:24
u00016,20170228,9:00,21:26
u00017,20170101,9:00,20:34
u00017,20170102,9:00,20:26
u00017,20170103,9:00,17:30
u00017,20170104,9:00,20:57
u00017,20170105,9:00,18:59
u00017,20170106,9:00,18:11
u00017,20170107,9:00,20:12
u00017,20170108,9:00,18:33
u00017,20170109,9:00,19:08
u00017,20170110,9:00,19:00
u00017,20170111,9:00,20:18
u00017,20170112,9:00,21:09
u00017,20170113,9:00,19:17
u00017,20170114,9:00,19:52
u00017,20170115,9:00,20:40
u00017,20170116,9:00,18:13
u00017,20170117,9:00,19:47
u00017,20170118,9:00,19:12
u00017,20170119,9:00,18:10
u00017,20170120,9:00,18:35
u00017,20170121,9:00,18:39
u00017,20170122,9:00,18:23
u00017,20170123,9:00,20:09
u00017,20170124,9:00,21:27
u00017,20170125,9:00,17:43
u00017,20170126,9:00,20:49
u00017,20170127,9:00,20:06
u00017,20170128,9:00,21:08
u00017,20170129,9:00,20:41
u00017,20170130,9:00,18:51
u00017,20170131,9:00,18:42
u00017,20170201,9:00,20:58
u00017,20170202,9:00,17:58
u00017,20170203,9:00,19:39
u00017,20170204,9:00,21:20
u00017,20170205,9:00,17:35
u00017,20170206,9:00,20:41
u00017,20170207,9:00,20:33
u00017,20170208,9:00,18:31
u00017,20170209,9:00,19:40
u00017,20170210,9:00,20:07
u00017,20170211,9:00,19:45
u00017,20170212,9:00,20:30
u00017,20170213,9:00,21:08
u00017,20170214,9:00,20:33
u00017,20170215,9:00,17:37
u00017,20170216,9:00,17:36
u00017,20170217,9:00,17:36
u00017,20170218,9:00,19:39
u00017,20170219,9:00,17:42
u00017,20170220,9:00,18:05
u00017,20170221,9:00,17:42
u00017,20170222,9:00,18:12
u00017,20170223,9:00,20:12
u00017,20170224,9:00,20:37
u00017,20170225,9:00,19:24
u00017,20170226,9:00,19:57
u00017,20170227,9:00,20:15
u00017,20170228,9:00,18:24
u00018,20170101,9:00,18:09
u00018,20170102,9:00,17:41
u00018,20170103,9:00,18:17
u00018,20170104,9:00,17:42
u00018,20170105,9:00,17:42
u00018,20170106,9:00,17:57
u00018,20170107,9:00,18:01
u00018,20170108,9:00,20:09
u00018,20170109,9:00,18:05
u00018,20170110,9:00,18:22
u00018,20170111,9:00,17:53
u00018,20170112,9:00,21:18
u00018,20170113,9:00,20:29
u00018,20170114,9:00,20:22
u00018,20170115,9:00,17:48
u00018,20170116,9:00,17:31
u00018,20170117,9:00,21:28
u00018,20170118,9:00,17:41
u00018,20170119,9:00,17:48
u00018,20170120,9:00,19:15
u00018,20170121,9:00,19:18
u00018,20170122,9:00,18:40
u00018,20170123,9:00,20:39
u00018,20170124,9:00,17:56
u00018,20170125,9:00,21:06
u00018,20170126,9:00,19:18
u00018,20170127,9:00,18:14
u00018,20170128,9:00,20:10
u00018,20170129,9:00,18:09
u00018,20170130,9:00,19:11
u00018,20170131,9:00,20:59
u00018,20170201,9:00,17:33
u00018,20170202,9:00,21:26
u00018,20170203,9:00,18:45
u00018,20170204,9:00,19:40
u00018,20170205,9:00,19:12
u00018,20170206,9:00,18:45
u00018,20170207,9:00,17:51
u00018,20170208,9:00,21:01
u00018,20170209,9:00,20:10
u00018,20170210,9:00,17:49
u00018,20170211,9:00,18:01
u00018,20170212,9:00,19:01
u00018,20170213,9:00,18:38
u00018,20170214,9:00,19:36
u00018,20170215,9:00,21:11
u00018,20170216,9:00,18:14
u00018,20170217,9:00,20:04
u00018,20170218,9:00,18:37
u00018,20170219,9:00,19:54
u00018,20170220,9:00,19:58
u00018,20170221,9:00,19:27
u00018,20170222,9:00,18:16
u00018,20170223,9:00,20:35
u00018,20170224,9:00,18:39
u00018,20170225,9:00,17:43
u00018,20170226,9:00,18:52
u00018,20170227,9:00,20:03
u00018,20170228,9:00,21:04
u00019,20170101,9:00,18:29
u00019,20170102,9:00,19:31
u00019,20170103,9:00,18:19
u00019,20170104,9:00,19:42
u00019,20170105,9:00,18:43
u00019,20170106,9:00,21:22
u00019,20170107,9:00,19:51
u00019,20170108,9:00,17:53
u00019,20170109,9:00,20:49
u00019,20170110,9:00,18:25
u00019,20170111,9:00,20:40
u00019,20170112,9:00,20:02
u00019,20170113,9:00,20:06
u00019,20170114,9:00,21:07
u00019,20170115,9:00,18:26
u00019,20170116,9:00,19:38
u00019,20170117,9:00,20:12
u00019,20170118,9:00,17:50
u00019,20170119,9:00,20:30
u00019,20170120,9:00,20:45
u00019,20170121,9:00,19:37
u00019,20170122,9:00,19:07
u00019,20170123,9:00,18:31
u00019,20170124,9:00,19:21
u00019,20170125,9:00,18:43
u00019,20170126,9:00,20:24
u00019,20170127,9:00,17:35
u00019,20170128,9:00,18:07
u00019,20170129,9:00,20:38
u00019,20170130,9:00,18:36
u00019,20170131,9:00,18:37
u00019,20170201,9:00,17:34
u00019,20170202,9:00,20:20
u00019,20170203,9:00,18:05
u00019,20170204,9:00,20:51
u00019,20170205,9:00,20:14
u00019,20170206,9:00,19:20
u00019,20170207,9:00,21:02
u00019,20170208,9:00,20:07
u00019,20170209,9:00,20:30
u00019,20170210,9:00,19:55
u00019,20170211,9:00,20:09
u00019,20170212,9:00,18:52
u00019,20170213,9:00,17:38
u00019,20170214,9:00,20:54
u00019,20170215,9:00,21:27
u00019,20170216,9:00,20:49
u00019,20170217,9:00,19:00
u00019,20170218,9:00,20:53
u00019,20170219,9:00,21:25
u00019,20170220,9:00,19:47
u00019,20170221,9:00,19:47
u00019,20170222,9:00,19:56
u00019,20170223,9:00,19:29
u00019,20170224,9:00,17:36
u00019,20170225,9:00,17:44
u00019,20170226,9:00,18:37
u00019,20170227,9:00,17:33
u00019,20170228,9:00,18:15
u00020,20170101,9:00,20:47
u00020,20170102,9:00,20:03
u00020,20170103,9:00,20:03
u00020,20170104,9:00,19:30
u00020,20170105,9:00,19:01
u00020,20170106,9:00,19:15
u00020,20170107,9:00,18:47
u00020,20170108,9:00,19:11
u00020,20170109,9:00,17:31
u00020,20170110,9:00,17:33
u00020,20170111,9:00,18:49
u00020,20170112,9:00,18:37
u00020,20170113,9:00,20:11
u00020,20170114,9:00,18:27
u00020,20170115,9:00,20:51
u00020,20170116,9:00,20:22
u00020,20170117,9:00,20:44
u00020,20170118,9:00,19:46
u00020,20170119,9:00,20:37
u00020,20170120,9:00,20:16
u00020,20170121,9:00,17:32
u00020,20170122,9:00,19:06
u00020,20170123,9:00,20:40
u00020,20170124,9:00,20:13
u00020,20170125,9:00,18:49
u00020,20170126,9:00,19:20
u00020,20170127,9:00,19:56
u00020,20170128,9:00,18:10
u00020,20170129,9:00,19:11
u00020,20170130,9:00,18:52
u00020,20170131,9:00,18:37
u00020,20170201,9:00,20:39
u00020,20170202,9:00,21:17
u00020,20170203,9:00,18:22
u00020,20170204,9:00,20:17
u00020,20170205,9:00,21:19
u00020,20170206,9:00,17:52
u00020,20170207,9:00,20:47
u00020,20170208,9:00,20:58
u00020,20170209,9:00,18:43
u00020,20170210,9:00,19:50
u00020,20170211,9:00,17:42
u00020,20170212,9:00,21:06
u00020,20170213,9:00,20:49
u00020,20170214,9:00,19:34
u00020,20170215,9:00,19:38
u00020,20170216,9:00,18:38
u00020,20170217,9:00,17:31
u00020,20170218,9:00,20:04
u00020,20170219,9:00,20:32
u00020,20170220,9:00,17:34
u00020,20170221,9:00,21:15
u00020,20170222,9:00,17:39
u00020,20170223,9:00,20:03
u00020,20170224,9:00,19:10
u00020,20170225,9:00,21:27
u00020,20170226,9:00,17:48
u00020,20170227,9:00,19:14
u00020,20170228,9:00,17:41
u00021,20170101,9:00,19:33
u00021,20170102,9:00,20:27
u00021,20170103,9:00,21:04
u00021,20170104,9:00,19:12
u00021,20170105,9:00,19:10
u00021,20170106,9:00,18:21
u00021,20170107,9:00,18:34
u00021,20170108,9:00,19:06
u00021,20170109,9:00,18:48
u00021,20170110,9:00,20:24
u00021,20170111,9:00,18:09
u00021,20170112,9:00,20:55
u00021,20170113,9:00,18:13
u00021,20170114,9:00,18:17
u00021,20170115,9:00,17:56
u00021,20170116,9:00,18:17
u00021,20170117,9:00,18:22
u00021,20170118,9:00,21:16
u00021,20170119,9:00,18:28
u00021,20170120,9:00,19:11
u00021,20170121,9:00,17:50
u00021,20170122,9:00,19:43
u00021,20170123,9:00,17:55
u00021,20170124,9:00,20:26
u00021,20170125,9:00,18:10
u00021,20170126,9:00,20:41
u00021,20170127,9:00,20:48
u00021,20170128,9:00,18:21
u00021,20170129,9:00,18:18
u00021,20170130,9:00,18:53
u00021,20170131,9:00,21:27
u00021,20170201,9:00,21:01
u00021,20170202,9:00,21:04
u00021,20170203,9:00,17:58
u00021,20170204,9:00,19:41
u00021,20170205,9:00,17:40
u00021,20170206,9:00,20:03
u00021,20170207,9:00,18:53
u00021,20170208,9:00,21:14
u00021,20170209,9:00,20:49
u00021,20170210,9:00,18:36
u00021,20170211,9:00,18:09
u00021,20170212,9:00,20:22
u00021,20170213,9:00,20:30
u00021,20170214,9:00,17:46
u00021,20170215,9:00,19:13
u00021,20170216,9:00,20:59
u00021,20170217,9:00,20:19
u00021,20170218,9:00,18:22
u00021,20170219,9:00,19:53
u00021,20170220,9:00,17:40
u00021,20170221,9:00,19:27
u00021,20170222,9:00,19:04
u00021,20170223,9:00,21:29
u00021,20170224,9:00,17:50
u00021,20170225,9:00,20:50
u00021,20170226,9:00,21:13
u00021,20170227,9:00,19:56
u00021,20170228,9:00,18:54
u00022,20170101,9:00,19:28
u00022,20170102,9:00,18:29
u00022,20170103,9:00,18:41
u00022,20170104,9:00,21:24
u00022,20170105,9:00,18:21
u00022,20170106,9:00,20:52
u00022,20170107,9:00,19:19
u00022,20170108,9:00,18:20
u00022,20170109,9:00,19:11
u00022,20170110,9:00,19:20
u00022,20170111,9:00,20:27
u00022,20170112,9:00,20:15
u00022,20170113,9:00,18:53
u00022,20170114,9:00,18:56
u00022,20170115,9:00,20:59
u00022,20170116,9:00,18:08
u00022,20170117,9:00,19:10
u00022,20170118,9:00,17:37
u00022,20170119,9:00,19:37
u00022,20170120,9:00,20:21
u00022,20170121,9:00,19:00
u00022,20170122,9:00,20:08
u00022,20170123,9:00,20:00
u00022,20170124,9:00,20:38
u00022,20170125,9:00,18:24
u00022,20170126,9:00,21:26
u00022,20170127,9:00,20:28
u00022,20170128,9:00,20:36
u00022,20170129,9:00,17:53
u00022,20170130,9:00,20:26
u00022,20170131,9:00,19:11
u00022,20170201,9:00,19:00
u00022,20170202,9:00,20:22
u00022,20170203,9:00,19:48
u00022,20170204,9:00,19:42
u00022,20170205,9:00,21:28
u00022,20170206,9:00,18:50
u00022,20170207,9:00,20:03
u00022,20170208,9:00,19:02
u00022,20170209,9:00,19:49
u00022,20170210,9:00,18:25
u00022,20170211,9:00,18:43
u00022,20170212,9:00,17:33
u00022,20170213,9:00,18:35
u00022,20170214,9:00,20:14
u00022,20170215,9:00,19:00
u00022,20170216,9:00,20:13
u00022,20170217,9:00,19:09
u00022,20170218,9:00,21:09
u00022,20170219,9:00,18:10
u00022,20170220,9:00,19:01
u00022,20170221,9:00,20:04
u00022,20170222,9:00,18:02
u00022,20170223,9:00,20:37
u00022,20170224,9:00,18:49
u00022,20170225,9:00,21:10
u00022,20170226,9:00,20:47
u00022,20170227,9:00,18:14
u00022,20170228,9:00,18:45
u00023,20170101,9:00,19:30
u00023,20170102,9:00,20:40
u00023,20170103,9:00,20:17
u00023,20170104,9:00,21:20
u00023,20170105,9:00,19:15
u00023,20170106,9:00,20:17
u00023,20170107,9:00,19:42
u00023,20170108,9:00,20:39
u00023,20170109,9:00,19:21
u00023,20170110,9:00,21:29
u00023,20170111,9:00,20:29
u00023,20170112,9:00,19:47
u00023,20170113,9:00,17:57
u00023,20170114,9:00,21:28
u00023,20170115,9:00,20:00
u00023,20170116,9:00,19:03
u00023,20170117,9:00,19:12
u00023,20170118,9:00,21:25
u00023,20170119,9:00,18:42
u00023,20170120,9:00,18:27
u00023,20170121,9:00,18:47
u00023,20170122,9:00,18:16
u00023,20170123,9:00,19:31
u00023,20170124,9:00,17:53
u00023,20170125,9:00,19:46
u00023,20170126,9:00,18:53
u00023,20170127,9:00,19:45
u00023,20170128,9:00,20:26
u00023,20170129,9:00,20:14
u00023,20170130,9:00,21:06
u00023,20170131,9:00,19:32
u00023,20170201,9:00,20:11
u00023,20170202,9:00,18:04
u00023,20170203,9:00,17:50
u00023,20170204,9:00,20:03
u00023,20170205,9:00,19:59
u00023,20170206,9:00,21:17
u00023,20170207,9:00,17:56
u00023,20170208,9:00,19:40
u00023,20170209,9:00,20:14
u00023,20170210,9:00,20:15
u00023,20170211,9:00,19:40
u00023,20170212,9:00,21:22
u00023,20170213,9:00,17:36
u00023,20170214,9:00,18:03
u00023,20170215,9:00,20:03
u00023,20170216,9:00,20:20
u00023,20170217,9:00,18:43
u00023,20170218,9:00,18:42
u00023,20170219,9:00,20:00
u00023,20170220,9:00,17:46
u00023,20170221,9:00,17:57
u00023,20170222,9:00,21:28
u00023,20170223,9:00,18:58
u00023,20170224,9:00,18:59
u00023,20170225,9:00,20:25
u00023,20170226,9:00,21:20
u00023,20170227,9:00,19:12
u00023,20170228,9:00,19:14
u00024,20170101,9:00,20:16
u00024,20170102,9:00,20:29
u00024,20170103,9:00,18:20
u00024,20170104,9:00,21:25
u00024,20170105,9:00,21:03
u00024,20170106,9:00,21:01
u00024,20170107,9:00,19:35
u00024,20170108,9:00,17:39
u00024,20170109,9:00,20:52
u00024,20170110,9:00,18:42
u00024,20170111,9:00,21:03
u00024,20170112,9:00,21:21
u00024,20170113,9:00,18:38
u00024,20170114,9:00,20:12
u00024,20170115,9:00,17:33
u00024,20170116,9:00,21:19
u00024,20170117,9:00,21:25
u00024,20170118,9:00,19:47
u00024,20170119,9:00,21:22
u00024,20170120,9:00,21:01
u00024,20170121,9:00,19:24
u00024,20170122,9:00,18:25
u00024,20170123,9:00,20:31
u00024,20170124,9:00,19:05
u00024,20170125,9:00,18:33
u00024,20170126,9:00,18:17
u00024,20170127,9:00,21:02
u00024,20170128,9:00,18:25
u00024,20170129,9:00,18:55
u00024,20170130,9:00,18:25
u00024,20170131,9:00,21:06
u00024,20170201,9:00,18:57
u00024,20170202,9:00,18:26
u00024,20170203,9:00,18:23
u00024,20170204,9:00,19:21
u00024,20170205,9:00,18:37
u00024,20170206,9:00,21:03
u00024,20170207,9:00,19:20
u00024,20170208,9:00,18:00
u00024,20170209,9:00,20:56
u00024,20170210,9:00,18:29
u00024,20170211,9:00,17:32
u00024,20170212,9:00,18:47
u00024,20170213,9:00,20:59
u00024,20170214,9:00,19:56
u00024,20170215,9:00,20:11
u00024,20170216,9:00,17:48
u00024,20170217,9:00,19:14
u00024,20170218,9:00,20:40
u00024,20170219,9:00,18:44
u00024,20170220,9:00,21:17
u00024,20170221,9:00,19:05
u00024,20170222,9:00,19:55
u00024,20170223,9:00,18:48
u00024,20170224,9:00,18:32
u00024,20170225,9:00,17:31
u00024,20170226,9:00,21:17
u00024,20170227,9:00,18:45
u00024,20170228,9:00,18:11
u00025,20170101,9:00,21:24
u00025,20170102,9:00,18:58
u00025,20170103,9:00,17:45
u00025,20170104,9:00,18:31
u00025,20170105,9:00,20:30
u00025,20170106,9:00,17:48
u00025,20170107,9:00,19:52
u00025,20170108,9:00,18:11
u00025,20170109,9:00,20:08
u00025,20170110,9:00,17:39
u00025,20170111,9:00,19:05
u00025,20170112,9:00,20:52
u00025,20170113,9:00,18:58
u00025,20170114,9:00,19:19
u00025,20170115,9:00,21:00
u00025,20170116,9:00,19:21
u00025,20170117,9:00,19:49
u00025,20170118,9:00,19:10
u00025,20170119,9:00,21:08
u00025,20170120,9:00,19:35
u00025,20170121,9:00,18:43
u00025,20170122,9:00,19:02
u00025,20170123,9:00,21:05
u00025,20170124,9:00,20:37
u00025,20170125,9:00,21:09
u00025,20170126,9:00,18:09
u00025,20170127,9:00,18:42
u00025,20170128,9:00,18:10
u00025,20170129,9:00,18:30
u00025,20170130,9:00,19:56
u00025,20170131,9:00,18:02
u00025,20170201,9:00,17:34
u00025,20170202,9:00,19:44
u00025,20170203,9:00,20:12
u00025,20170204,9:00,19:34
u00025,20170205,9:00,20:21
u00025,20170206,9:00,19:03
u00025,20170207,9:00,20:11
u00025,20170208,9:00,19:05
u00025,20170209,9:00,20:54
u00025,20170210,9:00,18:01
u00025,20170211,9:00,20:21
u00025,20170212,9:00,18:58
u00025,20170213,9:00,19:14
u00025,20170214,9:00,19:27
u00025,20170215,9:00,17:45
u00025,20170216,9:00,19:22
u00025,20170217,9:00,21:24
u00025,20170218,9:00,19:33
u00025,20170219,9:00,20:18
u00025,20170220,9:00,20:11
u00025,20170221,9:00,19:21
u00025,20170222,9:00,20:12
u00025,20170223,9:00,20:55
u00025,20170224,9:00,21:26
u00025,20170225,9:00,18:06
u00025,20170226,9:00,20:47
u00025,20170227,9:00,18:50
u00025,20170228,9:00,20:38
u00026,20170101,9:00,19:27
u00026,20170102,9:00,18:57
u00026,20170103,9:00,18:29
u00026,20170104,9:00,19:44
u00026,20170105,9:00,18:48
u00026,20170106,9:00,19:24
u00026,20170107,9:00,17:54
u00026,20170108,9:00,17:30
u00026,20170109,9:00,20:36
u00026,20170110,9:00,21:13
u00026,20170111,9:00,20:59
u00026,20170112,9:00,18:32
u00026,20170113,9:00,19:16
u00026,20170114,9:00,19:03
u00026,20170115,9:00,19:26
u00026,20170116,9:00,17:41
u00026,20170117,9:00,18:29
u00026,20170118,9:00,19:54
u00026,20170119,9:00,19:01
u00026,20170120,9:00,17:37
u00026,20170121,9:00,17:48
u00026,20170122,9:00,20:04
u00026,20170123,9:00,18:19
u00026,20170124,9:00,17:31
u00026,20170125,9:00,19:07
u00026,20170126,9:00,20:45
u00026,20170127,9:00,18:27
u00026,20170128,9:00,20:09
u00026,20170129,9:00,17:41
u00026,20170130,9:00,18:33
u00026,20170131,9:00,19:18
u00026,20170201,9:00,17:36
u00026,20170202,9:00,19:36
u00026,20170203,9:00,19:31
u00026,20170204,9:00,17:56
u00026,20170205,9:00,18:43
u00026,20170206,9:00,19:16
u00026,20170207,9:00,19:34
u00026,20170208,9:00,17:35
u00026,20170209,9:00,18:00
u00026,20170210,9:00,17:38
u00026,20170211,9:00,18:45
u00026,20170212,9:00,17:57
u00026,20170213,9:00,20:45
u00026,20170214,9:00,19:49
u00026,20170215,9:00,18:48
u00026,20170216,9:00,20:23
u00026,20170217,9:00,20:20
u00026,20170218,9:00,20:11
u00026,20170219,9:00,18:59
u00026,20170220,9:00,18:03
u00026,20170221,9:00,18:44
u00026,20170222,9:00,19:23
u00026,20170223,9:00,18:50
u00026,20170224,9:00,18:41
u00026,20170225,9:00,18:44
u00026,20170226,9:00,21:03
u00026,20170227,9:00,18:46
u00026,20170228,9:00,17:58
u00027,20170101,9:00,18:54
u00027,20170102,9:00,21:16
u00027,20170103,9:00,18:55
u00027,20170104,9:00,18:24
u00027,20170105,9:00,19:11
u00027,20170106,9:00,20:18
u00027,20170107,9:00,18:15
u00027,20170108,9:00,18:07
u00027,20170109,9:00,18:07
u00027,20170110,9:00,21:19
u00027,20170111,9:00,17:45
u00027,20170112,9:00,20:08
u00027,20170113,9:00,21:09
u00027,20170114,9:00,20:24
u00027,20170115,9:00,20:40
u00027,20170116,9:00,17:34
u00027,20170117,9:00,21:25
u00027,20170118,9:00,17:35
u00027,20170119,9:00,20:37
u00027,20170120,9:00,17:54
u00027,20170121,9:00,21:12
u00027,20170122,9:00,18:56
u00027,20170123,9:00,19:55
u00027,20170124,9:00,18:05
u00027,20170125,9:00,17:48
u00027,20170126,9:00,18:14
u00027,20170127,9:00,18:32
u00027,20170128,9:00,19:39
u00027,20170129,9:00,20:16
u00027,20170130,9:00,21:07
u00027,20170131,9:00,18:16
u00027,20170201,9:00,20:09
u00027,20170202,9:00,18:25
u00027,20170203,9:00,19:48
u00027,20170204,9:00,20:41
u00027,20170205,9:00,19:38
u00027,20170206,9:00,20:52
u00027,20170207,9:00,19:45
u00027,20170208,9:00,18:26
u00027,20170209,9:00,18:40
u00027,20170210,9:00,18:02
u00027,20170211,9:00,18:56
u00027,20170212,9:00,18:24
u00027,20170213,9:00,17:57
u00027,20170214,9:00,21:15
u00027,20170215,9:00,20:21
u00027,20170216,9:00,19:46
u00027,20170217,9:00,21:10
u00027,20170218,9:00,21:14
u00027,20170219,9:00,19:33
u00027,20170220,9:00,17:54
u00027,20170221,9:00,18:03
u00027,20170222,9:00,20:04
u00027,20170223,9:00,19:18
u00027,20170224,9:00,21:08
u00027,20170225,9:00,19:23
u00027,20170226,9:00,19:14
u00027,20170227,9:00,19:04
u00027,20170228,9:00,20:04
u00028,20170101,9:00,19:17
u00028,20170102,9:00,21:23
u00028,20170103,9:00,20:02
u00028,20170104,9:00,20:15
u00028,20170105,9:00,18:24
u00028,20170106,9:00,18:33
u00028,20170107,9:00,20:22
u00028,20170108,9:00,20:06
u00028,20170109,9:00,19:13
u00028,20170110,9:00,21:08
u00028,20170111,9:00,18:36
u00028,20170112,9:00,17:36
u00028,20170113,9:00,21:14
u00028,20170114,9:00,20:21
u00028,20170115,9:00,17:44
u00028,20170116,9:00,18:46
u00028,20170117,9:00,20:34
u00028,20170118,9:00,18:34
u00028,20170119,9:00,20:13
u00028,20170120,9:00,20:27
u00028,20170121,9:00,21:17
u00028,20170122,9:00,18:22
u00028,20170123,9:00,18:27
u00028,20170124,9:00,19:43
u00028,20170125,9:00,21:28
u00028,20170126,9:00,21:11
u00028,20170127,9:00,21:22
u00028,20170128,9:00,21:17
u00028,20170129,9:00,21:19
u00028,20170130,9:00,17:54
u00028,20170131,9:00,18:48
u00028,20170201,9:00,20:47
u00028,20170202,9:00,18:44
u00028,20170203,9:00,19:59
u00028,20170204,9:00,18:25
u00028,20170205,9:00,18:59
u00028,20170206,9:00,20:14
u00028,20170207,9:00,20:40
u00028,20170208,9:00,19:27
u00028,20170209,9:00,19:18
u00028,20170210,9:00,18:38
u00028,20170211,9:00,18:12
u00028,20170212,9:00,18:41
u00028,20170213,9:00,17:44
u00028,20170214,9:00,18:20
u00028,20170215,9:00,18:14
u00028,20170216,9:00,19:44
u00028,20170217,9:00,20:41
u00028,20170218,9:00,18:56
u00028,20170219,9:00,19:02
u00028,20170220,9:00,18:14
u00028,20170221,9:00,18:34
u00028,20170222,9:00,18:50
u00028,20170223,9:00,20:38
u00028,20170224,9:00,21:21
u00028,20170225,9:00,17:36
u00028,20170226,9:00,21:11
u00028,20170227,9:00,18:20
u00028,20170228,9:00,19:55
u00029,20170101,9:00,17:49
u00029,20170102,9:00,19:19
u00029,20170103,9:00,18:08
u00029,20170104,9:00,21:21
u00029,20170105,9:00,21:02
u00029,20170106,9:00,17:55
u00029,20170107,9:00,18:43
u00029,20170108,9:00,19:02
u00029,20170109,9:00,17:46
u00029,20170110,9:00,19:05
u00029,20170111,9:00,18:50
u00029,20170112,9:00,19:54
u00029,20170113,9:00,20:48
u00029,20170114,9:00,20:27
u00029,20170115,9:00,18:17
u00029,20170116,9:00,18:49
u00029,20170117,9:00,21:14
u00029,20170118,9:00,19:37
u00029,20170119,9:00,18:44
u00029,20170120,9:00,17:50
u00029,20170121,9:00,20:07
u00029,20170122,9:00,18:32
u00029,20170123,9:00,19:00
u00029,20170124,9:00,20:38
u00029,20170125,9:00,18:23
u00029,20170126,9:00,19:32
u00029,20170127,9:00,20:08
u00029,20170128,9:00,21:07
u00029,20170129,9:00,20:11
u00029,20170130,9:00,18:48
u00029,20170131,9:00,18:45
u00029,20170201,9:00,18:01
u00029,20170202,9:00,17:42
u00029,20170203,9:00,20:00
u00029,20170204,9:00,18:32
u00029,20170205,9:00,18:31
u00029,20170206,9:00,19:37
u00029,20170207,9:00,18:16
u00029,20170208,9:00,20:05
u00029,20170209,9:00,19:05
u00029,20170210,9:00,18:23
u00029,20170211,9:00,19:19
u00029,20170212,9:00,21:21
u00029,20170213,9:00,21:07
u00029,20170214,9:00,17:36
u00029,20170215,9:00,20:45
u00029,20170216,9:00,19:21
u00029,20170217,9:00,17:59
u00029,20170218,9:00,18:28
u00029,20170219,9:00,19:09
u00029,20170220,9:00,19:47
u00029,20170221,9:00,18:24
u00029,20170222,9:00,18:17
u00029,20170223,9:00,19:07
u00029,20170224,9:00,20:41
u00029,20170225,9:00,20:03
u00029,20170226,9:00,20:01
u00029,20170227,9:00,19:16
u00029,20170228,9:00,19:26
u00030,20170101,9:00,20:55
u00030,20170102,9:00,20:57
u00030,20170103,9:00,20:23
u00030,20170104,9:00,17:31
u00030,20170105,9:00,18:35
u00030,20170106,9:00,20:11
u00030,20170107,9:00,18:01
u00030,20170108,9:00,19:57
u00030,20170109,9:00,19:44
u00030,20170110,9:00,20:25
u00030,20170111,9:00,20:14
u00030,20170112,9:00,20:55
u00030,20170113,9:00,17:39
u00030,20170114,9:00,20:54
u00030,20170115,9:00,19:33
u00030,20170116,9:00,18:03
u00030,20170117,9:00,19:32
u00030,20170118,9:00,19:35
u00030,20170119,9:00,19:04
u00030,20170120,9:00,21:23
u00030,20170121,9:00,18:07
u00030,20170122,9:00,21:22
u00030,20170123,9:00,20:00
u00030,20170124,9:00,21:01
u00030,20170125,9:00,20:37
u00030,20170126,9:00,18:35
u00030,20170127,9:00,20:54
u00030,20170128,9:00,21:13
u00030,20170129,9:00,20:21
u00030,20170130,9:00,19:01
u00030,20170131,9:00,19:42
u00030,20170201,9:00,20:05
u00030,20170202,9:00,20:26
u00030,20170203,9:00,17:54
u00030,20170204,9:00,18:26
u00030,20170205,9:00,18:04
u00030,20170206,9:00,21:02
u00030,20170207,9:00,18:59
u00030,20170208,9:00,19:49
u00030,20170209,9:00,21:24
u00030,20170210,9:00,19:32
u00030,20170211,9:00,18:44
u00030,20170212,9:00,19:49
u00030,20170213,9:00,18:47
u00030,20170214,9:00,17:31
u00030,20170215,9:00,21:06
u00030,20170216,9:00,19:50
u00030,20170217,9:00,20:40
u00030,20170218,9:00,20:26
u00030,20170219,9:00,19:30
u00030,20170220,9:00,19:28
u00030,20170221,9:00,19:07
u00030,20170222,9:00,19:00
u00030,20170223,9:00,20:01
u00030,20170224,9:00,20:26
u00030,20170225,9:00,21:16
u00030,20170226,9:00,19:13
u00030,20170227,9:00,21:16
u00030,20170228,9:00,19:47
u00031,20170101,9:00,20:26
u00031,20170102,9:00,18:51
u00031,20170103,9:00,21:26
u00031,20170104,9:00,19:52
u00031,20170105,9:00,20:09
u00031,20170106,9:00,19:15
u00031,20170107,9:00,20:54
u00031,20170108,9:00,18:48
u00031,20170109,9:00,17:31
u00031,20170110,9:00,20:57
u00031,20170111,9:00,21:24
u00031,20170112,9:00,21:16
u00031,20170113,9:00,17:49
u00031,20170114,9:00,19:39
u00031,20170115,9:00,18:30
u00031,20170116,9:00,17:49
u00031,20170117,9:00,18:23
u00031,20170118,9:00,19:00
u00031,20170119,9:00,18:13
u00031,20170120,9:00,20:27
u00031,20170121,9:00,17:53
u00031,20170122,9:00,17:58
u00031,20170123,9:00,18:54
u00031,20170124,9:00,20:48
u00031,20170125,9:00,20:48
u00031,20170126,9:00,21:23
u00031,20170127,9:00,21:03
u00031,20170128,9:00,20:30
u00031,20170129,9:00,17:31
u00031,20170130,9:00,17:44
u00031,20170131,9:00,20:30
u00031,20170201,9:00,20:56
u00031,20170202,9:00,19:01
u00031,20170203,9:00,21:25
u00031,20170204,9:00,20:35
u00031,20170205,9:00,20:22
u00031,20170206,9:00,19:59
u00031,20170207,9:00,19:22
u00031,20170208,9:00,21:15
u00031,20170209,9:00,19:09
u00031,20170210,9:00,18:56
u00031,20170211,9:00,21:20
u00031,20170212,9:00,19:36
u00031,20170213,9:00,21:17
u00031,20170214,9:00,19:17
u00031,20170215,9:00,18:01
u00031,20170216,9:00,18:56
u00031,20170217,9:00,19:28
u00031,20170218,9:00,18:09
u00031,20170219,9:00,20:36
u00031,20170220,9:00,20:02
u00031,20170221,9:00,20:39
u00031,20170222,9:00,20:57
u00031,20170223,9:00,18:55
u00031,20170224,9:00,19:24
u00031,20170225,9:00,17:51
u00031,20170226,9:00,19:42
u00031,20170227,9:00,18:45
u00031,20170228,9:00,19:49
u00032,20170101,9:00,20:32
u00032,20170102,9:00,18:16
u00032,20170103,9:00,18:08
u00032,20170104,9:00,20:35
u00032,20170105,9:00,19:50
u00032,20170106,9:00,20:47
u00032,20170107,9:00,20:48
u00032,20170108,9:00,21:12
u00032,20170109,9:00,21:19
u00032,20170110,9:00,17:52
u00032,20170111,9:00,20:25
u00032,20170112,9:00,17:54
u00032,20170113,9:00,18:39
u00032,20170114,9:00,18:44
u00032,20170115,9:00,20:05
u00032,20170116,9:00,19:42
u00032,20170117,9:00,18:36
u00032,20170118,9:00,19:15
u00032,20170119,9:00,20:57
u00032,20170120,9:00,19:59
u00032,20170121,9:00,17:49
u00032,20170122,9:00,19:15
u00032,20170123,9:00,17:44
u00032,20170124,9:00,20:47
u00032,20170125,9:00,17:32
u00032,20170126,9:00,21:09
u00032,20170127,9:00,19:32
u00032,20170128,9:00,19:05
u00032,20170129,9:00,17:57
u00032,20170130,9:00,20:07
u00032,20170131,9:00,19:11
u00032,20170201,9:00,21:04
u00032,20170202,9:00,20:17
u00032,20170203,9:00,19:12
u00032,20170204,9:00,19:15
u00032,20170205,9:00,19:01
u00032,20170206,9:00,20:04
u00032,20170207,9:00,18:05
u00032,20170208,9:00,17:54
u00032,20170209,9:00,17:58
u00032,20170210,9:00,19:29
u00032,20170211,9:00,19:52
u00032,20170212,9:00,20:16
u00032,20170213,9:00,20:35
u00032,20170214,9:00,20:11
u00032,20170215,9:00,18:42
u00032,20170216,9:00,18:50
u00032,20170217,9:00,19:34
u00032,20170218,9:00,20:32
u00032,20170219,9:00,20:15
u00032,20170220,9:00,18:49
u00032,20170221,9:00,19:51
u00032,20170222,9:00,17:33
u00032,20170223,9:00,21:01
u00032,20170224,9:00,20:47
u00032,20170225,9:00,18:38
u00032,20170226,9:00,18:04
u00032,20170227,9:00,17:53
u00032,20170228,9:00,19:10
u00033,20170101,9:00,17:57
u00033,20170102,9:00,18:12
u00033,20170103,9:00,19:55
u00033,20170104,9:00,17:49
u00033,20170105,9:00,20:02
u00033,20170106,9:00,19:24
u00033,20170107,9:00,19:07
u00033,20170108,9:00,18:11
u00033,20170109,9:00,18:06
u00033,20170110,9:00,19:30
u00033,20170111,9:00,18:40
u00033,20170112,9:00,18:50
u00033,20170113,9:00,18:41
u00033,20170114,9:00,21:03
u00033,20170115,9:00,17:35
u00033,20170116,9:00,19:38
u00033,20170117,9:00,19:33
u00033,20170118,9:00,20:37
u00033,20170119,9:00,21:26
u00033,20170120,9:00,21:15
u00033,20170121,9:00,18:17
u00033,20170122,9:00,21:16
u00033,20170123,9:00,21:14
u00033,20170124,9:00,21:29
u00033,20170125,9:00,19:49
u00033,20170126,9:00,20:53
u00033,20170127,9:00,21:10
u00033,20170128,9:00,21:03
u00033,20170129,9:00,20:54
u00033,20170130,9:00,19:40
u00033,20170131,9:00,20:18
u00033,20170201,9:00,18:27
u00033,20170202,9:00,18:24
u00033,20170203,9:00,17:54
u00033,20170204,9:00,19:32
u00033,20170205,9:00,18:14
u00033,20170206,9:00,17:38
u00033,20170207,9:00,20:27
u00033,20170208,9:00,20:09
u00033,20170209,9:00,18:04
u00033,20170210,9:00,17:44
u00033,20170211,9:00,18:36
u00033,20170212,9:00,18:38
u00033,20170213,9:00,18:29
u00033,20170214,9:00,20:54
u00033,20170215,9:00,20:00
u00033,20170216,9:00,17:48
u00033,20170217,9:00,19:02
u00033,20170218,9:00,21:28
u00033,20170219,9:00,20:59
u00033,20170220,9:00,20:59
u00033,20170221,9:00,20:36
u00033,20170222,9:00,20:35
u00033,20170223,9:00,18:39
u00033,20170224,9:00,19:25
u00033,20170225,9:00,20:16
u00033,20170226,9:00,17:43
u00033,20170227,9:00,17:47
u00033,20170228,9:00,17:53
u00034,20170101,9:00,20:27
u00034,20170102,9:00,19:45
u00034,20170103,9:00,18:29
u00034,20170104,9:00,20:02
u00034,20170105,9:00,18:45
u00034,20170106,9:00,19:08
u00034,20170107,9:00,19:19
u00034,20170108,9:00,20:33
u00034,20170109,9:00,18:05
u00034,20170110,9:00,20:39
u00034,20170111,9:00,17:51
u00034,20170112,9:00,19:57
u00034,20170113,9:00,20:37
u00034,20170114,9:00,18:03
u00034,20170115,9:00,20:38
u00034,20170116,9:00,18:07
u00034,20170117,9:00,20:37
u00034,20170118,9:00,19:28
u00034,20170119,9:00,19:32
u00034,20170120,9:00,17:48
u00034,20170121,9:00,19:16
u00034,20170122,9:00,19:02
u00034,20170123,9:00,17:42
u00034,20170124,9:00,21:13
u00034,20170125,9:00,18:58
u00034,20170126,9:00,18:33
u00034,20170127,9:00,20:31
u00034,20170128,9:00,19:32
u00034,20170129,9:00,19:34
u00034,20170130,9:00,19:20
u00034,20170131,9:00,20:05
u00034,20170201,9:00,20:26
u00034,20170202,9:00,21:07
u00034,20170203,9:00,20:45
u00034,20170204,9:00,19:32
u00034,20170205,9:00,20:28
u00034,20170206,9:00,19:07
u00034,20170207,9:00,18:26
u00034,20170208,9:00,21:03
u00034,20170209,9:00,17:43
u00034,20170210,9:00,17:50
u00034,20170211,9:00,20:02
u00034,20170212,9:00,17:39
u00034,20170213,9:00,17:35
u00034,20170214,9:00,19:29
u00034,20170215,9:00,20:43
u00034,20170216,9:00,20:08
u00034,20170217,9:00,17:54
u00034,20170218,9:00,20:52
u00034,20170219,9:00,18:04
u00034,20170220,9:00,21:16
u00034,20170221,9:00,21:05
u00034,20170222,9:00,19:05
u00034,20170223,9:00,18:40
u00034,20170224,9:00,20:58
u00034,20170225,9:00,18:20
u00034,20170226,9:00,20:31
u00034,20170227,9:00,17:59
u00034,20170228,9:00,20:56
u00035,20170101,9:00,20:31
u00035,20170102,9:00,17:33
u00035,20170103,9:00,20:58
u00035,20170104,9:00,18:20
u00035,20170105,9:00,20:12
u00035,20170106,9:00,19:59
u00035,20170107,9:00,18:53
u00035,20170108,9:00,20:08
u00035,20170109,9:00,19:22
u00035,20170110,9:00,20:02
u00035,20170111,9:00,20:01
u00035,20170112,9:00,20:04
u00035,20170113,9:00,21:19
u00035,20170114,9:00,20:06
u00035,20170115,9:00,17:57
u00035,20170116,9:00,18:48
u00035,20170117,9:00,17:52
u00035,20170118,9:00,19:16
u00035,20170119,9:00,19:33
u00035,20170120,9:00,18:30
u00035,20170121,9:00,19:14
u00035,20170122,9:00,20:13
u00035,20170123,9:00,17:58
u00035,20170124,9:00,17:37
u00035,20170125,9:00,19:15
u00035,20170126,9:00,19:05
u00035,20170127,9:00,20:15
u00035,20170128,9:00,21:17
u00035,20170129,9:00,19:22
u00035,20170130,9:00,17:30
u00035,20170131,9:00,18:58
u00035,20170201,9:00,20:43
u00035,20170202,9:00,21:07
u00035,20170203,9:00,17:42
u00035,20170204,9:00,19:38
u00035,20170205,9:00,19:32
u00035,20170206,9:00,18:59
u00035,20170207,9:00,20:51
u00035,20170208,9:00,19:26
u00035,20170209,9:00,19:43
u00035,20170210,9:00,20:33
u00035,20170211,9:00,21:00
u00035,20170212,9:00,18:58
u00035,20170213,9:00,18:05
u00035,20170214,9:00,18:49
u00035,20170215,9:00,19:58
u00035,20170216,9:00,20:46
u00035,20170217,9:00,18:04
u00035,20170218,9:00,21:01
u00035,20170219,9:00,19:28
u00035,20170220,9:00,19:05
u00035,20170221,9:00,21:20
u00035,20170222,9:00,20:45
u00035,20170223,9:00,18:02
u00035,20170224,9:00,21:18
u00035,20170225,9:00,20:10
u00035,20170226,9:00,19:34
u00035,20170227,9:00,20:59
u00035,20170228,9:00,20:35
u00036,20170101,9:00,21:25
u00036,20170102,9:00,19:38
u00036,20170103,9:00,20:49
u00036,20170104,9:00,18:54
u00036,20170105,9:00,17:44
u00036,20170106,9:00,20:26
u00036,20170107,9:00,17:45
u00036,20170108,9:00,20:30
u00036,20170109,9:00,20:10
u00036,20170110,9:00,19:54
u00036,20170111,9:00,19:21
u00036,20170112,9:00,20:54
u00036,20170113,9:00,21:19
u00036,20170114,9:00,18:19
u00036,20170115,9:00,21:07
u00036,20170116,9:00,18:51
u00036,20170117,9:00,18:44
u00036,20170118,9:00,20:46
u00036,20170119,9:00,19:46
u00036,20170120,9:00,19:44
u00036,20170121,9:00,18:01
u00036,20170122,9:00,19:03
u00036,20170123,9:00,18:35
u00036,20170124,9:00,19:27
u00036,20170125,9:00,20:56
u00036,20170126,9:00,19:06
u00036,20170127,9:00,19:28
u00036,20170128,9:00,17:47
u00036,20170129,9:00,20:46
u00036,20170130,9:00,18:23
u00036,20170131,9:00,19:38
u00036,20170201,9:00,20:19
u00036,20170202,9:00,18:21
u00036,20170203,9:00,19:51
u00036,20170204,9:00,17:39
u00036,20170205,9:00,20:00
u00036,20170206,9:00,19:29
u00036,20170207,9:00,20:13
u00036,20170208,9:00,19:23
u00036,20170209,9:00,18:01
u00036,20170210,9:00,20:16
u00036,20170211,9:00,21:02
u00036,20170212,9:00,20:07
u00036,20170213,9:00,20:08
u00036,20170214,9:00,20:22
u00036,20170215,9:00,18:41
u00036,20170216,9:00,18:22
u00036,20170217,9:00,21:22
u00036,20170218,9:00,20:12
u00036,20170219,9:00,19:32
u00036,20170220,9:00,17:35
u00036,20170221,9:00,20:31
u00036,20170222,9:00,17:50
u00036,20170223,9:00,19:28
u00036,20170224,9:00,21:02
u00036,20170225,9:00,19:10
u00036,20170226,9:00,19:27
u00036,20170227,9:00,20:33
u00036,20170228,9:00,20:06
u00037,20170101,9:00,19:16
u00037,20170102,9:00,19:53
u00037,20170103,9:00,17:30
u00037,20170104,9:00,20:25
u00037,20170105,9:00,18:20
u00037,20170106,9:00,18:48
u00037,20170107,9:00,18:12
u00037,20170108,9:00,19:37
u00037,20170109,9:00,20:04
u00037,20170110,9:00,21:01
u00037,20170111,9:00,19:10
u00037,20170112,9:00,20:09
u00037,20170113,9:00,21:12
u00037,20170114,9:00,19:30
u00037,20170115,9:00,20:27
u00037,20170116,9:00,18:06
u00037,20170117,9:00,19:12
u00037,20170118,9:00,20:04
u00037,20170119,9:00,18:44
u00037,20170120,9:00,19:07
u00037,20170121,9:00,18:17
u00037,20170122,9:00,17:31
u00037,20170123,9:00,18:34
u00037,20170124,9:00,18:07
u00037,20170125,9:00,17:36
u00037,20170126,9:00,18:28
u00037,20170127,9:00,19:42
u00037,20170128,9:00,21:25
u00037,20170129,9:00,19:01
u00037,20170130,9:00,19:58
u00037,20170131,9:00,21:19
u00037,20170201,9:00,21:25
u00037,20170202,9:00,21:29
u00037,20170203,9:00,18:47
u00037,20170204,9:00,21:16
u00037,20170205,9:00,19:20
u00037,20170206,9:00,21:09
u00037,20170207,9:00,19:12
u00037,20170208,9:00,19:18
u00037,20170209,9:00,20:48
u00037,20170210,9:00,17:43
u00037,20170211,9:00,19:07
u00037,20170212,9:00,19:23
u00037,20170213,9:00,20:51
u00037,20170214,9:00,19:47
u00037,20170215,9:00,21:23
u00037,20170216,9:00,20:58
u00037,20170217,9:00,18:30
u00037,20170218,9:00,20:06
u00037,20170219,9:00,19:27
u00037,20170220,9:00,19:21
u00037,20170221,9:00,18:44
u00037,20170222,9:00,19:29
u00037,20170223,9:00,20:03
u00037,20170224,9:00,18:35
u00037,20170225,9:00,18:08
u00037,20170226,9:00,20:58
u00037,20170227,9:00,17:49
u00037,20170228,9:00,18:43
u00038,20170101,9:00,20:39
u00038,20170102,9:00,18:49
u00038,20170103,9:00,19:19
u00038,20170104,9:00,19:11
u00038,20170105,9:00,19:11
u00038,20170106,9:00,19:45
u00038,20170107,9:00,20:32
u00038,20170108,9:00,19:57
u00038,20170109,9:00,19:43
u00038,20170110,9:00,18:23
u00038,20170111,9:00,20:03
u00038,20170112,9:00,20:54
u00038,20170113,9:00,20:57
u00038,20170114,9:00,20:19
u00038,20170115,9:00,19:48
u00038,20170116,9:00,17:45
u00038,20170117,9:00,18:54
u00038,20170118,9:00,21:24
u00038,20170119,9:00,17:59
u00038,20170120,9:00,18:24
u00038,20170121,9:00,19:53
u00038,20170122,9:00,20:22
u00038,20170123,9:00,21:24
u00038,20170124,9:00,17:45
u00038,20170125,9:00,19:22
u00038,20170126,9:00,20:38
u00038,20170127,9:00,17:53
u00038,20170128,9:00,21:08
u00038,20170129,9:00,18:33
u00038,20170130,9:00,18:42
u00038,20170131,9:00,21:02
u00038,20170201,9:00,18:24
u00038,20170202,9:00,18:50
u00038,20170203,9:00,17:43
u00038,20170204,9:00,18:08
u00038,20170205,9:00,18:24
u00038,20170206,9:00,17:56
u00038,20170207,9:00,19:32
u00038,20170208,9:00,18:14
u00038,20170209,9:00,19:14
u00038,20170210,9:00,18:51
u00038,20170211,9:00,18:12
u00038,20170212,9:00,17:49
u00038,20170213,9:00,17:44
u00038,20170214,9:00,20:15
u00038,20170215,9:00,21:18
u00038,20170216,9:00,18:08
u00038,20170217,9:00,19:06
u00038,20170218,9:00,18:23
u00038,20170219,9:00,18:31
u00038,20170220,9:00,18:58
u00038,20170221,9:00,20:28
u00038,20170222,9:00,18:49
u00038,20170223,9:00,21:23
u00038,20170224,9:00,20:12
u00038,20170225,9:00,19:32
u00038,20170226,9:00,19:24
u00038,20170227,9:00,18:56
u00038,20170228,9:00,19:51
u00039,20170101,9:00,18:58
u00039,20170102,9:00,18:03
u00039,20170103,9:00,19:59
u00039,20170104,9:00,18:42
u00039,20170105,9:00,21:24
u00039,20170106,9:00,19:38
u00039,20170107,9:00,18:15
u00039,20170108,9:00,18:22
u00039,20170109,9:00,19:54
u00039,20170110,9:00,19:32
u00039,20170111,9:00,20:35
u00039,20170112,9:00,21:20
u00039,20170113,9:00,20:25
u00039,20170114,9:00,20:17
u00039,20170115,9:00,20:05
u00039,20170116,9:00,18:04
u00039,20170117,9:00,19:48
u00039,20170118,9:00,21:03
u00039,20170119,9:00,21:26
u00039,20170120,9:00,20:14
u00039,20170121,9:00,19:51
u00039,20170122,9:00,20:18
u00039,20170123,9:00,19:42
u00039,20170124,9:00,20:51
u00039,20170125,9:00,19:07
u00039,20170126,9:00,19:31
u00039,20170127,9:00,19:54
u00039,20170128,9:00,19:08
u00039,20170129,9:00,17:43
u00039,20170130,9:00,19:45
u00039,20170131,9:00,20:42
u00039,20170201,9:00,19:10
u00039,20170202,9:00,20:28
u00039,20170203,9:00,17:54
u00039,20170204,9:00,20:55
u00039,20170205,9:00,21:21
u00039,20170206,9:00,18:07
u00039,20170207,9:00,17:36
u00039,20170208,9:00,21:05
u00039,20170209,9:00,19:51
u00039,20170210,9:00,19:57
u00039,20170211,9:00,21:29
u00039,20170212,9:00,19:57
u00039,20170213,9:00,19:51
u00039,20170214,9:00,17:59
u00039,20170215,9:00,18:38
u00039,20170216,9:00,19:58
u00039,20170217,9:00,20:31
u00039,20170218,9:00,20:48
u00039,20170219,9:00,19:09
u00039,20170220,9:00,19:25
u00039,20170221,9:00,20:53
u00039,20170222,9:00,18:05
u00039,20170223,9:00,20:43
u00039,20170224,9:00,19:10
u00039,20170225,9:00,19:48
u00039,20170226,9:00,19:08
u00039,20170227,9:00,20:40
u00039,20170228,9:00,20:14
u00040,20170101,9:00,18:12
u00040,20170102,9:00,18:28
u00040,20170103,9:00,20:00
u00040,20170104,9:00,19:52
u00040,20170105,9:00,18:14
u00040,20170106,9:00,19:32
u00040,20170107,9:00,19:15
u00040,20170108,9:00,19:57
u00040,20170109,9:00,17:51
u00040,20170110,9:00,19:34
u00040,20170111,9:00,20:23
u00040,20170112,9:00,18:51
u00040,20170113,9:00,21:17
u00040,20170114,9:00,17:54
u00040,20170115,9:00,17:40
u00040,20170116,9:00,20:23
u00040,20170117,9:00,21:07
u00040,20170118,9:00,18:56
u00040,20170119,9:00,17:36
u00040,20170120,9:00,19:20
u00040,20170121,9:00,18:50
u00040,20170122,9:00,21:16
u00040,20170123,9:00,19:38
u00040,20170124,9:00,18:47
u00040,20170125,9:00,19:20
u00040,20170126,9:00,19:10
u00040,20170127,9:00,17:40
u00040,20170128,9:00,20:29
u00040,20170129,9:00,20:27
u00040,20170130,9:00,19:04
u00040,20170131,9:00,18:16
u00040,20170201,9:00,21:16
u00040,20170202,9:00,21:29
u00040,20170203,9:00,20:34
u00040,20170204,9:00,17:41
u00040,20170205,9:00,20:23
u00040,20170206,9:00,20:00
u00040,20170207,9:00,21:21
u00040,20170208,9:00,19:35
u00040,20170209,9:00,19:01
u00040,20170210,9:00,19:11
u00040,20170211,9:00,20:47
u00040,20170212,9:00,20:01
u00040,20170213,9:00,21:00
u00040,20170214,9:00,19:16
u00040,20170215,9:00,18:49
u00040,20170216,9:00,20:19
u00040,20170217,9:00,20:02
u00040,20170218,9:00,18:27
u00040,20170219,9:00,18:25
u00040,20170220,9:00,18:59
u00040,20170221,9:00,19:49
u00040,20170222,9:00,17:34
u00040,20170223,9:00,18:18
u00040,20170224,9:00,18:40
u00040,20170225,9:00,20:52
u00040,20170226,9:00,21:08
u00040,20170227,9:00,17:54
u00040,20170228,9:00,20:44
u00041,20170101,9:00,19:45
u00041,20170102,9:00,18:54
u00041,20170103,9:00,20:40
u00041,20170104,9:00,19:16
u00041,20170105,9:00,18:03
u00041,20170106,9:00,18:26
u00041,20170107,9:00,19:47
u00041,20170108,9:00,19:19
u00041,20170109,9:00,21:06
u00041,20170110,9:00,20:40
u00041,20170111,9:00,20:28
u00041,20170112,9:00,19:21
u00041,20170113,9:00,19:29
u00041,20170114,9:00,21:29
u00041,20170115,9:00,18:13
u00041,20170116,9:00,19:03
u00041,20170117,9:00,19:14
u00041,20170118,9:00,20:14
u00041,20170119,9:00,19:34
u00041,20170120,9:00,17:56
u00041,20170121,9:00,19:08
u00041,20170122,9:00,18:44
u00041,20170123,9:00,20:37
u00041,20170124,9:00,20:20
u00041,20170125,9:00,19:26
u00041,20170126,9:00,19:50
u00041,20170127,9:00,18:11
u00041,20170128,9:00,19:25
u00041,20170129,9:00,21:08
u00041,20170130,9:00,20:33
u00041,20170131,9:00,18:14
u00041,20170201,9:00,19:14
u00041,20170202,9:00,19:17
u00041,20170203,9:00,18:56
u00041,20170204,9:00,20:27
u00041,20170205,9:00,19:18
u00041,20170206,9:00,18:23
u00041,20170207,9:00,17:40
u00041,20170208,9:00,19:20
u00041,20170209,9:00,20:19
u00041,20170210,9:00,17:43
u00041,20170211,9:00,21:26
u00041,20170212,9:00,20:31
u00041,20170213,9:00,18:03
u00041,20170214,9:00,20:06
u00041,20170215,9:00,19:42
u00041,20170216,9:00,20:58
u00041,20170217,9:00,20:38
u00041,20170218,9:00,21:03
u00041,20170219,9:00,18:25
u00041,20170220,9:00,20:05
u00041,20170221,9:00,18:42
u00041,20170222,9:00,21:27
u00041,20170223,9:00,21:11
u00041,20170224,9:00,19:21
u00041,20170225,9:00,20:53
u00041,20170226,9:00,18:38
u00041,20170227,9:00,18:41
u00041,20170228,9:00,18:07
u00042,20170101,9:00,20:01
u00042,20170102,9:00,20:33
u00042,20170103,9:00,18:46
u00042,20170104,9:00,18:01
u00042,20170105,9:00,20:38
u00042,20170106,9:00,18:56
u00042,20170107,9:00,19:09
u00042,20170108,9:00,18:12
u00042,20170109,9:00,18:17
u00042,20170110,9:00,17:41
u00042,20170111,9:00,20:58
u00042,20170112,9:00,18:22
u00042,20170113,9:00,19:45
u00042,20170114,9:00,17:35
u00042,20170115,9:00,20:54
u00042,20170116,9:00,19:53
u00042,20170117,9:00,20:17
u00042,20170118,9:00,18:29
u00042,20170119,9:00,18:31
u00042,20170120,9:00,17:46
u00042,20170121,9:00,19:06
u00042,20170122,9:00,18:36
u00042,20170123,9:00,19:57
u00042,20170124,9:00,18:47
u00042,20170125,9:00,19:38
u00042,20170126,9:00,19:28
u00042,20170127,9:00,20:07
u00042,20170128,9:00,19:28
u00042,20170129,9:00,19:16
u00042,20170130,9:00,21:08
u00042,20170131,9:00,18:00
u00042,20170201,9:00,18:26
u00042,20170202,9:00,20:23
u00042,20170203,9:00,20:29
u00042,20170204,9:00,18:11
u00042,20170205,9:00,18:27
u00042,20170206,9:00,21:09
u00042,20170207,9:00,20:20
u00042,20170208,9:00,18:56
u00042,20170209,9:00,21:16
u00042,20170210,9:00,17:59
u00042,20170211,9:00,17:53
u00042,20170212,9:00,19:56
u00042,20170213,9:00,19:24
u00042,20170214,9:00,19:52
u00042,20170215,9:00,20:18
u00042,20170216,9:00,20:21
u00042,20170217,9:00,21:06
u00042,20170218,9:00,19:09
u00042,20170219,9:00,20:01
u00042,20170220,9:00,20:42
u00042,20170221,9:00,17:48
u00042,20170222,9:00,21:26
u00042,20170223,9:00,18:15
u00042,20170224,9:00,18:08
u00042,20170225,9:00,19:58
u00042,20170226,9:00,20:14
u00042,20170227,9:00,17:34
u00042,20170228,9:00,21:26
u00043,20170101,9:00,21:19
u00043,20170102,9:00,18:45
u00043,20170103,9:00,18:18
u00043,20170104,9:00,21:18
u00043,20170105,9:00,18:02
u00043,20170106,9:00,17:45
u00043,20170107,9:00,20:56
u00043,20170108,9:00,20:44
u00043,20170109,9:00,17:34
u00043,20170110,9:00,19:01
u00043,20170111,9:00,21:18
u00043,20170112,9:00,17:30
u00043,20170113,9:00,19:15
u00043,20170114,9:00,20:28
u00043,20170115,9:00,20:27
u00043,20170116,9:00,20:51
u00043,20170117,9:00,20:37
u00043,20170118,9:00,17:45
u00043,20170119,9:00,20:08
u00043,20170120,9:00,18:56
u00043,20170121,9:00,21:03
u00043,20170122,9:00,20:56
u00043,20170123,9:00,20:38
u00043,20170124,9:00,20:04
u00043,20170125,9:00,19:39
u00043,20170126,9:00,21:13
u00043,20170127,9:00,20:35
u00043,20170128,9:00,18:39
u00043,20170129,9:00,19:55
u00043,20170130,9:00,19:08
u00043,20170131,9:00,18:23
u00043,20170201,9:00,21:15
u00043,20170202,9:00,19:59
u00043,20170203,9:00,20:50
u00043,20170204,9:00,20:31
u00043,20170205,9:00,17:51
u00043,20170206,9:00,19:53
u00043,20170207,9:00,17:55
u00043,20170208,9:00,20:27
u00043,20170209,9:00,19:55
u00043,20170210,9:00,20:01
u00043,20170211,9:00,18:47
u00043,20170212,9:00,17:56
u00043,20170213,9:00,17:55
u00043,20170214,9:00,18:21
u00043,20170215,9:00,19:12
u00043,20170216,9:00,19:18
u00043,20170217,9:00,17:56
u00043,20170218,9:00,19:50
u00043,20170219,9:00,18:15
u00043,20170220,9:00,17:32
u00043,20170221,9:00,18:39
u00043,20170222,9:00,18:25
u00043,20170223,9:00,19:40
u00043,20170224,9:00,18:12
u00043,20170225,9:00,18:55
u00043,20170226,9:00,21:12
u00043,20170227,9:00,19:55
u00043,20170228,9:00,19:27
u00044,20170101,9:00,19:39
u00044,20170102,9:00,18:06
u00044,20170103,9:00,17:44
u00044,20170104,9:00,20:13
u00044,20170105,9:00,19:15
u00044,20170106,9:00,19:52
u00044,20170107,9:00,18:35
u00044,20170108,9:00,19:04
u00044,20170109,9:00,20:43
u00044,20170110,9:00,20:23
u00044,20170111,9:00,17:37
u00044,20170112,9:00,18:27
u00044,20170113,9:00,20:18
u00044,20170114,9:00,21:28
u00044,20170115,9:00,18:59
u00044,20170116,9:00,18:57
u00044,20170117,9:00,20:01
u00044,20170118,9:00,20:02
u00044,20170119,9:00,21:00
u00044,20170120,9:00,19:44
u00044,20170121,9:00,18:49
u00044,20170122,9:00,21:18
u00044,20170123,9:00,20:09
u00044,20170124,9:00,18:30
u00044,20170125,9:00,18:16
u00044,20170126,9:00,21:01
u00044,20170127,9:00,17:44
u00044,20170128,9:00,20:26
u00044,20170129,9:00,19:52
u00044,20170130,9:00,19:55
u00044,20170131,9:00,19:23
u00044,20170201,9:00,20:25
u00044,20170202,9:00,19:59
u00044,20170203,9:00,18:45
u00044,20170204,9:00,19:01
u00044,20170205,9:00,18:26
u00044,20170206,9:00,21:07
u00044,20170207,9:00,17:30
u00044,20170208,9:00,20:33
u00044,20170209,9:00,19:41
u00044,20170210,9:00,20:34
u00044,20170211,9:00,19:15
u00044,20170212,9:00,18:22
u00044,20170213,9:00,18:43
u00044,20170214,9:00,21:06
u00044,20170215,9:00,18:52
u00044,20170216,9:00,18:21
u00044,20170217,9:00,18:56
u00044,20170218,9:00,20:51
u00044,20170219,9:00,17:54
u00044,20170220,9:00,17:55
u00044,20170221,9:00,18:32
u00044,20170222,9:00,21:10
u00044,20170223,9:00,18:51
u00044,20170224,9:00,19:43
u00044,20170225,9:00,18:29
u00044,20170226,9:00,18:02
u00044,20170227,9:00,17:31
u00044,20170228,9:00,19:49
u00045,20170101,9:00,20:14
u00045,20170102,9:00,18:03
u00045,20170103,9:00,21:18
u00045,20170104,9:00,19:03
u00045,20170105,9:00,18:26
u00045,20170106,9:00,18:36
u00045,20170107,9:00,20:59
u00045,20170108,9:00,19:15
u00045,20170109,9:00,21:28
u00045,20170110,9:00,21:20
u00045,20170111,9:00,18:33
u00045,20170112,9:00,19:41
u00045,20170113,9:00,18:27
u00045,20170114,9:00,20:23
u00045,20170115,9:00,20:40
u00045,20170116,9:00,19:49
u00045,20170117,9:00,20:34
u00045,20170118,9:00,19:50
u00045,20170119,9:00,18:16
u00045,20170120,9:00,17:39
u00045,20170121,9:00,21:27
u00045,20170122,9:00,19:03
u00045,20170123,9:00,20:04
u00045,20170124,9:00,17:45
u00045,20170125,9:00,18:17
u00045,20170126,9:00,20:30
u00045,20170127,9:00,20:32
u00045,20170128,9:00,20:19
u00045,20170129,9:00,18:17
u00045,20170130,9:00,20:39
u00045,20170131,9:00,20:24
u00045,20170201,9:00,21:08
u00045,20170202,9:00,21:00
u00045,20170203,9:00,19:51
u00045,20170204,9:00,19:50
u00045,20170205,9:00,17:58
u00045,20170206,9:00,20:51
u00045,20170207,9:00,20:57
u00045,20170208,9:00,17:41
u00045,20170209,9:00,18:32
u00045,20170210,9:00,20:23
u00045,20170211,9:00,20:07
u00045,20170212,9:00,19:54
u00045,20170213,9:00,20:51
u00045,20170214,9:00,19:03
u00045,20170215,9:00,20:51
u00045,20170216,9:00,17:54
u00045,20170217,9:00,19:00
u00045,20170218,9:00,20:22
u00045,20170219,9:00,18:47
u00045,20170220,9:00,19:53
u00045,20170221,9:00,21:05
u00045,20170222,9:00,19:27
u00045,20170223,9:00,18:31
u00045,20170224,9:00,19:47
u00045,20170225,9:00,18:46
u00045,20170226,9:00,18:24
u00045,20170227,9:00,18:10
u00045,20170228,9:00,18:55
u00046,20170101,9:00,17:36
u00046,20170102,9:00,17:34
u00046,20170103,9:00,20:27
u00046,20170104,9:00,21:28
u00046,20170105,9:00,19:07
u00046,20170106,9:00,20:09
u00046,20170107,9:00,21:28
u00046,20170108,9:00,18:50
u00046,20170109,9:00,19:33
u00046,20170110,9:00,20:24
u00046,20170111,9:00,19:25
u00046,20170112,9:00,18:04
u00046,20170113,9:00,19:39
u00046,20170114,9:00,19:09
u00046,20170115,9:00,20:53
u00046,20170116,9:00,19:30
u00046,20170117,9:00,17:56
u00046,20170118,9:00,18:37
u00046,20170119,9:00,20:48
u00046,20170120,9:00,20:22
u00046,20170121,9:00,20:18
u00046,20170122,9:00,19:42
u00046,20170123,9:00,18:30
u00046,20170124,9:00,20:53
u00046,20170125,9:00,20:47
u00046,20170126,9:00,19:50
u00046,20170127,9:00,20:05
u00046,20170128,9:00,19:55
u00046,20170129,9:00,19:21
u00046,20170130,9:00,20:17
u00046,20170131,9:00,17:49
u00046,20170201,9:00,18:09
u00046,20170202,9:00,20:29
u00046,20170203,9:00,18:53
u00046,20170204,9:00,20:31
u00046,20170205,9:00,21:00
u00046,20170206,9:00,17:33
u00046,20170207,9:00,19:41
u00046,20170208,9:00,20:12
u00046,20170209,9:00,18:49
u00046,20170210,9:00,19:37
u00046,20170211,9:00,18:34
u00046,20170212,9:00,18:26
u00046,20170213,9:00,21:08
u00046,20170214,9:00,21:21
u00046,20170215,9:00,19:27
u00046,20170216,9:00,21:16
u00046,20170217,9:00,18:24
u00046,20170218,9:00,18:04
u00046,20170219,9:00,19:25
u00046,20170220,9:00,19:42
u00046,20170221,9:00,20:45
u00046,20170222,9:00,18:33
u00046,20170223,9:00,17:32
u00046,20170224,9:00,20:44
u00046,20170225,9:00,20:01
u00046,20170226,9:00,19:55
u00046,20170227,9:00,21:09
u00046,20170228,9:00,20:12
u00047,20170101,9:00,20:47
u00047,20170102,9:00,18:56
u00047,20170103,9:00,21:25
u00047,20170104,9:00,19:22
u00047,20170105,9:00,20:08
u00047,20170106,9:00,20:01
u00047,20170107,9:00,21:21
u00047,20170108,9:00,19:52
u00047,20170109,9:00,20:35
u00047,20170110,9:00,18:08
u00047,20170111,9:00,18:23
u00047,20170112,9:00,18:12
u00047,20170113,9:00,19:52
u00047,20170114,9:00,17:37
u00047,20170115,9:00,19:39
u00047,20170116,9:00,21:18
u00047,20170117,9:00,17:30
u00047,20170118,9:00,19:47
u00047,20170119,9:00,18:17
u00047,20170120,9:00,20:03
u00047,20170121,9:00,20:09
u00047,20170122,9:00,20:11
u00047,20170123,9:00,18:44
u00047,20170124,9:00,21:03
u00047,20170125,9:00,21:01
u00047,20170126,9:00,17:55
u00047,20170127,9:00,18:23
u00047,20170128,9:00,20:04
u00047,20170129,9:00,20:28
u00047,20170130,9:00,18:19
u00047,20170131,9:00,21:04
u00047,20170201,9:00,20:07
u00047,20170202,9:00,20:18
u00047,20170203,9:00,17:34
u00047,20170204,9:00,20:45
u00047,20170205,9:00,21:05
u00047,20170206,9:00,21:10
u00047,20170207,9:00,18:57
u00047,20170208,9:00,18:10
u00047,20170209,9:00,18:41
u00047,20170210,9:00,18:13
u00047,20170211,9:00,20:48
u00047,20170212,9:00,20:44
u00047,20170213,9:00,20:56
u00047,20170214,9:00,19:39
u00047,20170215,9:00,18:59
u00047,20170216,9:00,20:46
u00047,20170217,9:00,19:20
u00047,20170218,9:00,18:12
u00047,20170219,9:00,19:06
u00047,20170220,9:00,18:20
u00047,20170221,9:00,20:14
u00047,20170222,9:00,19:40
u00047,20170223,9:00,19:33
u00047,20170224,9:00,20:25
u00047,20170225,9:00,17:57
u00047,20170226,9:00,18:33
u00047,20170227,9:00,20:23
u00047,20170228,9:00,19:43
u00048,20170101,9:00,21:12
u00048,20170102,9:00,17:40
u00048,20170103,9:00,20:50
u00048,20170104,9:00,17:40
u00048,20170105,9:00,19:51
u00048,20170106,9:00,20:17
u00048,20170107,9:00,19:00
u00048,20170108,9:00,18:04
u00048,20170109,9:00,17:49
u00048,20170110,9:00,21:13
u00048,20170111,9:00,20:13
u00048,20170112,9:00,18:31
u00048,20170113,9:00,20:48
u00048,20170114,9:00,18:11
u00048,20170115,9:00,20:04
u00048,20170116,9:00,19:38
u00048,20170117,9:00,20:03
u00048,20170118,9:00,19:21
u00048,20170119,9:00,20:58
u00048,20170120,9:00,18:18
u00048,20170121,9:00,20:20
u00048,20170122,9:00,20:08
u00048,20170123,9:00,18:38
u00048,20170124,9:00,20:42
u00048,20170125,9:00,19:35
u00048,20170126,9:00,17:40
u00048,20170127,9:00,20:16
u00048,20170128,9:00,21:16
u00048,20170129,9:00,20:30
u00048,20170130,9:00,18:05
u00048,20170131,9:00,19:57
u00048,20170201,9:00,20:44
u00048,20170202,9:00,19:10
u00048,20170203,9:00,18:49
u00048,20170204,9:00,19:22
u00048,20170205,9:00,18:46
u00048,20170206,9:00,17:35
u00048,20170207,9:00,20:48
u00048,20170208,9:00,19:36
u00048,20170209,9:00,20:39
u00048,20170210,9:00,17:51
u00048,20170211,9:00,19:56
u00048,20170212,9:00,19:11
u00048,20170213,9:00,20:32
u00048,20170214,9:00,19:58
u00048,20170215,9:00,20:45
u00048,20170216,9:00,21:17
u00048,20170217,9:00,19:21
u00048,20170218,9:00,18:14
u00048,20170219,9:00,17:34
u00048,20170220,9:00,20:34
u00048,20170221,9:00,19:10
u00048,20170222,9:00,17:40
u00048,20170223,9:00,18:27
u00048,20170224,9:00,18:09
u00048,20170225,9:00,19:38
u00048,20170226,9:00,19:15
u00048,20170227,9:00,18:01
u00048,20170228,9:00,19:16
u00049,20170101,9:00,18:46
u00049,20170102,9:00,20:03
u00049,20170103,9:00,17:58
u00049,20170104,9:00,19:08
u00049,20170105,9:00,20:33
u00049,20170106,9:00,18:25
u00049,20170107,9:00,17:50
u00049,20170108,9:00,19:14
u00049,20170109,9:00,18:58
u00049,20170110,9:00,18:14
u00049,20170111,9:00,18:37
u00049,20170112,9:00,18:13
u00049,20170113,9:00,17:40
u00049,20170114,9:00,18:27
u00049,20170115,9:00,19:47
u00049,20170116,9:00,20:53
u00049,20170117,9:00,17:31
u00049,20170118,9:00,19:42
u00049,20170119,9:00,20:51
u00049,20170120,9:00,20:25
u00049,20170121,9:00,17:34
u00049,20170122,9:00,21:16
u00049,20170123,9:00,20:26
u00049,20170124,9:00,17:58
u00049,20170125,9:00,21:00
u00049,20170126,9:00,20:42
u00049,20170127,9:00,21:22
u00049,20170128,9:00,20:30
u00049,20170129,9:00,19:29
u00049,20170130,9:00,18:41
u00049,20170131,9:00,19:00
u00049,20170201,9:00,19:19
u00049,20170202,9:00,20:19
u00049,20170203,9:00,17:46
u00049,20170204,9:00,18:53
u00049,20170205,9:00,18:30
u00049,20170206,9:00,20:33
u00049,20170207,9:00,19:52
u00049,20170208,9:00,19:33
u00049,20170209,9:00,18:11
u00049,20170210,9:00,19:41
u00049,20170211,9:00,19:41
u00049,20170212,9:00,20:58
u00049,20170213,9:00,18:18
u00049,20170214,9:00,19:06
u00049,20170215,9:00,17:55
u00049,20170216,9:00,20:45
u00049,20170217,9:00,19:06
u00049,20170218,9:00,19:15
u00049,20170219,9:00,20:40
u00049,20170220,9:00,18:07
u00049,20170221,9:00,21:18
u00049,20170222,9:00,19:07
u00049,20170223,9:00,20:06
u00049,20170224,9:00,18:39
u00049,20170225,9:00,21:22
u00049,20170226,9:00,21:07
u00049,20170227,9:00,20:21
u00049,20170228,9:00,19:05
