userId,year,month,day,attendTime,leaveTime
u00000,2017,1,1,9:00,18:42
u00000,2017,1,2,9:00,17:50
u00000,2017,1,3,9:00,18:10
u00000,2017,1,4,9:00,21:09
u00000,2017,1,5,9:00,20:41
u00000,2017,1,6,9:00,17:51
u00000,2017,1,7,9:00,20:14
u00000,2017,1,8,9:00,17:41
u00000,2017,1,9,9:00,17:49
u00000,2017,1,10,9:00,19:15
u00000,2017,1,11,9:00,21:29
u00000,2017,1,12,9:00,17:46
u00000,2017,1,13,9:00,19:09
u00000,2017,1,14,9:00,20:18
u00000,2017,1,15,9:00,18:01
u00000,2017,1,16,9:00,18:30
u00000,2017,1,17,9:00,20:46
u00000,2017,1,18,9:00,18:02
u00000,2017,1,19,9:00,18:43
u00000,2017,1,20,9:00,19:27
u00000,2017,1,21,9:00,20:59
u00000,2017,1,22,9:00,20:04
u00000,2017,1,23,9:00,21:24
u00000,2017,1,24,9:00,18:27
u00000,2017,1,25,9:00,18:05
u00000,2017,1,26,9:00,17:42
u00000,2017,1,27,9:00,20:10
u00000,2017,1,28,9:00,20:24
u00000,2017,1,29,9:00,18:01
u00000,2017,1,30,9:00,21:15
u00000,2017,1,31,9:00,18:11
u00000,2017,2,1,9:00,17:37
u00000,2017,2,2,9:00,19:58
u00000,2017,2,3,9:00,21:16
u00000,2017,2,4,9:00,19:33
u00000,2017,2,5,9:00,19:14
u00000,2017,2,6,9:00,18:21
u00000,2017,2,7,9:00,20:41
u00000,2017,2,8,9:00,19:48
u00000,2017,2,9,9:00,19:41
u00000,2017,2,10,9:00,19:16
u00000,2017,2,11,9:00,18:28
u00000,2017,2,12,9:00,20:35
u00000,2017,2,13,9:00,19:47
u00000,2017,2,14,9:00,17:52
u00000,2017,2,15,9:00,18:16
u00000,2017,2,16,9:00,18:29
u00000,2017,2,17,9:00,17:53
u00000,2017,2,18,9:00,20:50
u00000,2017,2,19,9:00,20:01
u00000,2017,2,20,9:00,17:30
u00000,2017,2,21,9:00,21:11
u00000,2017,2,22,9:00,20:59
u00000,2017,2,23,9:00,21:13
u00000,2017,2,24,9:00,18:05
u00000,2017,2,25,9:00,19:12
u00000,2017,2,26,9:00,19:02
u00000,2017,2,27,9:00,19:11
u00000,2017,2,28,9:00,21:07
u00001,2017,1,1,9:00,19:15
u00001,2017,1,2,9:00,18:41
u00001,2017,1,3,9:00,20:13
u00001,2017,1,4,9:00,18:02
u00001,2017,1,5,9:00,17:53
u00001,2017,1,6,9:00,19:33
u00001,2017,1,7,9:00,17:35
u00001,2017,1,8,9:00,20:18
u00001,2017,1,9,9:00,20:15
u00001,2017,1,10,9:00,20:47
u00001,2017,1,11,9:00,20:14
u00001,2017,1,12,9:00,18:22
u00001,2017,1,13,9:00,19:42
u00001,2017,1,14,9:00,19:20
u00001,2017,1,15,9:00,20:37
u00001,2017,1,16,9:00,19:56
u00001,2017,1,17,9:00,21:24
u00001,2017,1,18,9:00,19:08
u00001,2017,1,19,9:00,18:52
u00001,2017,1,20,9:00,18:37
u00001,2017,1,21,9:00,20:58
u00001,2017,1,22,9:00,17:54
u00001,2017,1,23,9:00,19:49
u00001,2017,1,24,9:00,19:42
u00001,2017,1,25,9:00,19:20
u00001,2017,1,26,9:00,17:48
u00001,2017,1,27,9:00,18:09
u00001,2017,1,28,9:00,17:46
u00001,2017,1,29,9:00,20:18
u00001,2017,1,30,9:00,19:14
u00001,2017,1,31,9:00,17:53
u00001,2017,2,1,9:00,19:02
u00001,2017,2,2,9:00,20:11
u00001,2017,2,3,9:00,18:44
u00001,2017,2,4,9:00,18:08
u00001,2017,2,5,9:00,20:45
u00001,2017,2,6,9:00,19:37
u00001,2017,2,7,9:00,17:46
u00001,2017,2,8,9:00,18:35
u00001,2017,2,9,9:00,20:09
u00001,2017,2,10,9:00,19:24
u00001,2017,2,11,9:00,21:16
u00001,2017,2,12,9:00,19:53
u00001,2017,2,13,9:00,19:04
u00001,2017,2,14,9:00,19:14
u00001,2017,2,15,9:00,20:09
u00001,2017,2,16,9:00,20:12
u00001,2017,2,17,9:00,20:43
u00001,2017,2,18,9:00,17:48
u00001,2017,2,19,9:00,19:04
u00001,2017,2,20,9:00,19:07
u00001,2017,2,21,9:00,18:56
u00001,2017,2,22,9:00,18:06
u00001,2017,2,23,9:00,20:01
u00001,2017,2,24,9:00,18:15
u00001,2017,2,25,9:00,20:55
u00001,2017,2,26,9:00,17:59
u00001,2017,2,27,9:00,17:37
u00001,2017,2,28,9:00,18:15
u00002,2017,1,1,9:00,17:30
u00002,2017,1,2,9:00,18:13
u00002,2017,1,3,9:00,18:49
u00002,2017,1,4,9:00,17:32
u00002,2017,1,5,9:00,20:57
u00002,2017,1,6,9:00,18:09
u00002,2017,1,7,9:00,17:50
u00002,2017,1,8,9:00,18:42
u00002,2017,1,9,9:00,20:28
u00002,2017,1,10,9:00,19:42
u00002,2017,1,11,9:00,21:20
u00002,2017,1,12,9:00,21:01
u00002,2017,1,13,9:00,20:55
u00002,2017,1,14,9:00,19:15
u00002,2017,1,15,9:00,18:14
u00002,2017,1,16,9:00,17:47
u00002,2017,1,17,9:00,21:16
u00002,2017,1,18,9:00,18:22
u00002,2017,1,19,9:00,19:01
u00002,2017,1,20,9:00,21:28
u00002,2017,1,21,9:00,19:10
u00002,2017,1,22,9:00,19:24
u00002,2017,1,23,9:00,20:33
u00002,2017,1,24,9:00,17:39
u00002,2017,1,25,9:00,20:01
u00002,2017,1,26,9:00,17:37
u00002,2017,1,27,9:00,21:27
u00002,2017,1,28,9:00,19:07
u00002,2017,1,29,9:00,17:35
u00002,2017,1,30,9:00,20:12
u00002,2017,1,31,9:00,19:11
u00002,2017,2,1,9:00,20:54
u00002,2017,2,2,9:00,18:14
u00002,2017,2,3,9:00,17:57
u00002,2017,2,4,9:00,19:54
u00002,2017,2,5,9:00,18:05
u00002,2017,2,6,9:00,21:23
u00002,2017,2,7,9:00,19:04
u00002,2017,2,8,9:00,21:23
u00002,2017,2,9,9:00,19:25
u00002,2017,2,10,9:00,19:35
u00002,2017,2,11,9:00,18:04
u00002,2017,2,12,9:00,19:49
u00002,2017,2,13,9:00,18:50
u00002,2017,2,14,9:00,20:10
u00002,2017,2,15,9:00,20:45
u00002,2017,2,16,9:00,18:20
u00002,2017,2,17,9:00,18:19
u00002,2017,2,18,9:00,20:01
u00002,2017,2,19,9:00,17:46
u00002,2017,2,20,9:00,19:54
u00002,2017,2,21,9:00,21:19
u00002,2017,2,22,9:00,17:32
u00002,2017,2,23,9:00,19:41
u00002,2017,2,24,9:00,21:12
u00002,2017,2,25,9:00,19:03
u00002,2017,2,26,9:00,17:40
u00002,2017,2,27,9:00,18:32
u00002,2017,2,28,9:00,18:16
u00003,2017,1,1,9:00,20:50
u00003,2017,1,2,9:00,19:16
u00003,2017,1,3,9:00,18:07
u00003,2017,1,4,9:00,18:51
u00003,2017,1,5,9:00,18:02
u00003,2017,1,6,9:00,20:22
u00003,2017,1,7,9:00,19:24
u00003,2017,1,8,9:00,21:19
u00003,2017,1,9,9:00,20:15
u00003,2017,1,10,9:00,19:15
u00003,2017,1,11,9:00,18:39
u00003,2017,1,12,9:00,20:48
u00003,2017,1,13,9:00,20:17
u00003,2017,1,14,9:00,19:37
u00003,2017,1,15,9:00,21:12
u00003,2017,1,16,9:00,20:22
u00003,2017,1,17,9:00,19:27
u00003,2017,1,18,9:00,21:11
u00003,2017,1,19,9:00,21:03
u00003,2017,1,20,9:00,21:08
u00003,2017,1,21,9:00,19:47
u00003,2017,1,22,9:00,18:35
u00003,2017,1,23,9:00,19:13
u00003,2017,1,24,9:00,17:56
u00003,2017,1,25,9:00,20:12
u00003,2017,1,26,9:00,19:32
u00003,2017,1,27,9:00,20:02
u00003,2017,1,28,9:00,20:48
u00003,2017,1,29,9:00,19:15
u00003,2017,1,30,9:00,20:33
u00003,2017,1,31,9:00,20:35
u00003,2017,2,1,9:00,20:41
u00003,2017,2,2,9:00,20:24
u00003,2017,2,3,9:00,19:18
u00003,2017,2,4,9:00,20:10
u00003,2017,2,5,9:00,20:42
u00003,2017,2,6,9:00,17:32
u00003,2017,2,7,9:00,20:47
u00003,2017,2,8,9:00,20:22
u00003,2017,2,9,9:00,20:15
u00003,2017,2,10,9:00,19:18
u00003,2017,2,11,9:00,17:38
u00003,2017,2,12,9:00,19:30
u00003,2017,2,13,9:00,20:34
u00003,2017,2,14,9:00,21:05
u00003,2017,2,15,9:00,21:23
u00003,2017,2,16,9:00,19:43
u00003,2017,2,17,9:00,20:57
u00003,2017,2,18,9:00,18:51
u00003,2017,2,19,9:00,18:40
u00003,2017,2,20,9:00,19:14
u00003,2017,2,21,9:00,18:00
u00003,2017,2,22,9:00,17:30
u00003,2017,2,23,9:00,21:16
u00003,2017,2,24,9:00,20:55
u00003,2017,2,25,9:00,19:05
u00003,2017,2,26,9:00,19:29
u00003,2017,2,27,9:00,18:08
u00003,2017,2,28,9:00,18:46
u00004,2017,1,1,9:00,18:52
u00004,2017,1,2,9:00,18:40
u00004,2017,1,3,9:00,21:13
u00004,2017,1,4,9:00,18:54
u00004,2017,1,5,9:00,19:34
u00004,2017,1,6,9:00,20:36
u00004,2017,1,7,9:00,18:50
u00004,2017,1,8,9:00,19:03
u00004,2017,1,9,9:00,21:26
u00004,2017,1,10,9:00,20:40
u00004,2017,1,11,9:00,17:49
u00004,2017,1,12,9:00,18:30
u00004,2017,1,13,9:00,20:29
u00004,2017,1,14,9:00,17:59
u00004,2017,1,15,9:00,20:05
u00004,2017,1,16,9:00,18:57
u00004,2017,1,17,9:00,20:05
u00004,2017,1,18,9:00,19:10
u00004,2017,1,19,9:00,17:37
u00004,2017,1,20,9:00,19:48
u00004,2017,1,21,9:00,20:27
u00004,2017,1,22,9:00,20:01
u00004,2017,1,23,9:00,19:01
u00004,2017,1,24,9:00,17:39
u00004,2017,1,25,9:00,18:56
u00004,2017,1,26,9:00,20:10
u00004,2017,1,27,9:00,21:13
u00004,2017,1,28,9:00,21:29
u00004,2017,1,29,9:00,19:27
u00004,2017,1,30,9:00,21:00
u00004,2017,1,31,9:00,17:47
u00004,2017,2,1,9:00,21:28
u00004,2017,2,2,9:00,19:14
u00004,2017,2,3,9:00,18:11
u00004,2017,2,4,9:00,21:06
u00004,2017,2,5,9:00,21:24
u00004,2017,2,6,9:00,20:20
u00004,2017,2,7,9:00,18:42
u00004,2017,2,8,9:00,20:45
u00004,2017,2,9,9:00,19:11
u00004,2017,2,10,9:00,20:45
u00004,2017,2,11,9:00,21:18
u00004,2017,2,12,9:00,20:38
u00004,2017,2,13,9:00,20:26
u00004,2017,2,14,9:00,17:59
u00004,2017,2,15,9:00,18:37
u00004,2017,2,16,9:00,20:25
u00004,2017,2,17,9:00,20:56
u00004,2017,2,18,9:00,19:33
u00004,2017,2,19,9:00,20:06
u00004,2017,2,20,9:00,21:27
u00004,2017,2,21,9:00,18:10
u00004,2017,2,22,9:00,18:43
u00004,2017,2,23,9:00,18:27
u00004,2017,2,24,9:00,18:46
u00004,2017,2,25,9:00,19:33
u00004,2017,2,26,9:00,18:18
u00004,2017,2,27,9:00,19:36
u00004,2017,2,28,9:00,21:22
u00005,2017,1,1,9:00,20:10
u00005,2017,1,2,9:00,18:46
u00005,2017,1,3,9:00,21:27
u00005,2017,1,4,9:00,18:10
u00005,2017,1,5,9:00,17:31
u00005,2017,1,6,9:00,18:36
u00005,2017,1,7,9:00,20:20
u00005,2017,1,8,9:00,19:06
u00005,2017,1,9,9:00,17:56
u00005,2017,1,10,9:00,18:13
u00005,2017,1,11,9:00,19:55
u00005,2017,1,12,9:00,18:37
u00005,2017,1,13,9:00,18:04
u00005,2017,1,14,9:00,18:18
u00005,2017,1,15,9:00,20:32
u00005,2017,1,16,9:00,20:00
u00005,2017,1,17,9:00,19:02
u00005,2017,1,18,9:00,18:31
u00005,2017,1,19,9:00,20:14
u00005,2017,1,20,9:00,20:02
u00005,2017,1,21,9:00,18:43
u00005,2017,1,22,9:00,19:07
u00005,2017,1,23,9:00,19:46
u00005,2017,1,24,9:00,17:53
u00005,2017,1,25,9:00,20:12
u00005,2017,1,26,9:00,18:23
u00005,2017,1,27,9:00,19:02
u00005,2017,1,28,9:00,17:32
u00005,2017,1,29,9:00,20:48
u00005,2017,1,30,9:00,17:52
u00005,2017,1,31,9:00,17:37
u00005,2017,2,1,9:00,18:09
u00005,2017,2,2,9:00,18:31
u00005,2017,2,3,9:00,19:35
u00005,2017,2,4,9:00,17:32
u00005,2017,2,5,9:00,18:51
u00005,2017,2,6,9:00,19:49
u00005,2017,2,7,9:00,20:02
u00005,2017,2,8,9:00,18:51
u00005,2017,2,9,9:00,20:53
u00005,2017,2,10,9:00,21:13
u00005,2017,2,11,9:00,20:05
u00005,2017,2,12,9:00,21:10
u00005,2017,2,13,9:00,20:46
u00005,2017,2,14,9:00,20:05
u00005,2017,2,15,9:00,20:13
u00005,2017,2,16,9:00,20:42
u00005,2017,2,17,9:00,18:38
u00005,2017,2,18,9:00,19:38
u00005,2017,2,19,9:00,20:11
u00005,2017,2,20,9:00,18:57
u00005,2017,2,21,9:00,18:55
u00005,2017,2,22,9:00,19:31
u00005,2017,2,23,9:00,17:59
u00005,2017,2,24,9:00,20:09
u00005,2017,2,25,9:00,21:20
u00005,2017,2,26,9:00,17:34
u00005,2017,2,27,9:00,18:51
u00005,2017,2,28,9:00,21:22
u00006,2017,1,1,9:00,19:41
u00006,2017,1,2,9:00,20:11
u00006,2017,1,3,9:00,17:33
u00006,2017,1,4,9:00,21:16
u00006,2017,1,5,9:00,19:41
u00006,2017,1,6,9:00,20:05
u00006,2017,1,7,9:00,20:11
u00006,2017,1,8,9:00,18:25
u00006,2017,1,9,9:00,21:25
u00006,2017,1,10,9:00,19:05
u00006,2017,1,11,9:00,21:22
u00006,2017,1,12,9:00,19:24
u00006,2017,1,13,9:00,17:59
u00006,2017,1,14,9:00,18:06
u00006,2017,1,15,9:00,20:05
u00006,2017,1,16,9:00,21:19
u00006,2017,1,17,9:00,17:32
u00006,2017,1,18,9:00,19:49
u00006,2017,1,19,9:00,19:36
u00006,2017,1,20,9:00,18:14
u00006,2017,1,21,9:00,18:11
u00006,2017,1,22,9:00,19:44
u00006,2017,1,23,9:00,20:10
u00006,2017,1,24,9:00,21:08
u00006,2017,1,25,9:00,20:19
u00006,2017,1,26,9:00,21:23
u00006,2017,1,27,9:00,19:06
u00006,2017,1,28,9:00,18:18
u00006,2017,1,29,9:00,19:13
u00006,2017,1,30,9:00,19:15
u00006,2017,1,31,9:00,20:08
u00006,2017,2,1,9:00,20:37
u00006,2017,2,2,9:00,20:55
u00006,2017,2,3,9:00,19:23
u00006,2017,2,4,9:00,18:38
u00006,2017,2,5,9:00,19:43
u00006,2017,2,6,9:00,18:54
u00006,2017,2,7,9:00,19:16
u00006,2017,2,8,9:00,18:55
u00006,2017,2,9,9:00,18:57
u00006,2017,2,10,9:00,19:03
u00006,2017,2,11,9:00,19:31
u00006,2017,2,12,9:00,19:08
u00006,2017,2,13,9:00,20:35
u00006,2017,2,14,9:00,21:13
u00006,2017,2,15,9:00,19:39
u00006,2017,2,16,9:00,18:57
u00006,2017,2,17,9:00,21:02
u00006,2017,2,18,9:00,18:06
u00006,2017,2,19,9:00,21:18
u00006,2017,2,20,9:00,18:45
u00006,2017,2,21,9:00,17:38
u00006,2017,2,22,9:00,19:16
u00006,2017,2,23,9:00,18:32
u00006,2017,2,24,9:00,21:03
u00006,2017,2,25,9:00,19:04
u00006,2017,2,26,9:00,18:28
u00006,2017,2,27,9:00,17:55
u00006,2017,2,28,9:00,20:38
u00007,2017,1,1,9:00,19:44
u00007,2017,1,2,9:00,18:08
u00007,2017,1,3,9:00,21:09
u00007,2017,1,4,9:00,20:05
u00007,2017,1,5,9:00,19:06
u00007,2017,1,6,9:00,17:48
u00007,2017,1,7,9:00,19:21
u00007,2017,1,8,9:00,20:54
u00007,2017,1,9,9:00,18:11
u00007,2017,1,10,9:00,20:43
u00007,2017,1,11,9:00,18:41
u00007,2017,1,12,9:00,21:18
u00007,2017,1,13,9:00,21:15
u00007,2017,1,14,9:00,20:55
u00007,2017,1,15,9:00,20:31
u00007,2017,1,16,9:00,20:27
u00007,2017,1,17,9:00,19:57
u00007,2017,1,18,9:00,20:37
u00007,2017,1,19,9:00,21:20
u00007,2017,1,20,9:00,18:18
u00007,2017,1,21,9:00,17:45
u00007,2017,1,22,9:00,19:32
u00007,2017,1,23,9:00,18:19
u00007,2017,1,24,9:00,20:10
u00007,2017,1,25,9:00,18:15
u00007,2017,1,26,9:00,19:41
u00007,2017,1,27,9:00,21:25
u00007,2017,1,28,9:00,18:55
u00007,2017,1,29,9:00,19:22
u00007,2017,1,30,9:00,20:31
u00007,2017,1,31,9:00,18:19
u00007,2017,2,1,9:00,19:03
u00007,2017,2,2,9:00,20:09
u00007,2017,2,3,9:00,19:58
u00007,2017,2,4,9:00,18:19
u00007,2017,2,5,9:00,20:42
u00007,2017,2,6,9:00,19:58
u00007,2017,2,7,9:00,20:10
u00007,2017,2,8,9:00,21:02
u00007,2017,2,9,9:00,17:44
u00007,2017,2,10,9:00,19:11
u00007,2017,2,11,9:00,20:18
u00007,2017,2,12,9:00,18:44
u00007,2017,2,13,9:00,21:08
u00007,2017,2,14,9:00,19:21
u00007,2017,2,15,9:00,19:49
u00007,2017,2,16,9:00,18:01
u00007,2017,2,17,9:00,20:33
u00007,2017,2,18,9:00,18:45
u00007,2017,2,19,9:00,17:35
u00007,2017,2,20,9:00,17:38
u00007,2017,2,21,9:00,20:02
u00007,2017,2,22,9:00,20:23
u00007,2017,2,23,9:00,19:29
u00007,2017,2,24,9:00,20:02
u00007,2017,2,25,9:00,20:40
u00007,2017,2,26,9:00,19:24
u00007,2017,2,27,9:00,19:38
u00007,2017,2,28,9:00,17:39
u00008,2017,1,1,9:00,21:10
u00008,2017,1,2,9:00,20:16
u00008,2017,1,3,9:00,17:44
u00008,2017,1,4,9:00,21:01
u00008,2017,1,5,9:00,18:08
u00008,2017,1,6,9:00,21:28
u00008,2017,1,7,9:00,20:30
u00008,2017,1,8,9:00,17:31
u00008,2017,1,9,9:00,18:32
u00008,2017,1,10,9:00,19:05
u00008,2017,1,11,9:00,19:25
u00008,2017,1,12,9:00,18:57
u00008,2017,1,13,9:00,18:29
u00008,2017,1,14,9:00,21:21
u00008,2017,1,15,9:00,17:54
u00008,2017,1,16,9:00,19:12
u00008,2017,1,17,9:00,18:32
u00008,2017,1,18,9:00,19:14
u00008,2017,1,19,9:00,18:23
u00008,2017,1,20,9:00,18:53
u00008,2017,1,21,9:00,20:50
u00008,2017,1,22,9:00,18:14
u00008,2017,1,23,9:00,20:33
u00008,2017,1,24,9:00,17:46
u00008,2017,1,25,9:00,17:41
u00008,2017,1,26,9:00,20:27
u00008,2017,1,27,9:00,17:37
u00008,2017,1,28,9:00,19:53
u00008,2017,1,29,9:00,19:30
u00008,2017,1,30,9:00,20:20
u00008,2017,1,31,9:00,19:49
u00008,2017,2,1,9:00,19:15
u00008,2017,2,2,9:00,20:36
u00008,2017,2,3,9:00,19:40
u00008,2017,2,4,9:00,18:14
u00008,2017,2,5,9:00,20:05
u00008,2017,2,6,9:00,20:46
u00008,2017,2,7,9:00,19:54
u00008,2017,2,8,9:00,18:00
u00008,2017,2,9,9:00,21:10
u00008,2017,2,10,9:00,21:22
u00008,2017,2,11,9:00,20:23
u00008,2017,2,12,9:00,20:26
u00008,2017,2,13,9:00,20:44
u00008,2017,2,14,9:00,20:18
u00008,2017,2,15,9:00,20:09
u00008,2017,2,16,9:00,19:52
u00008,2017,2,17,9:00,17:43
u00008,2017,2,18,9:00,17:32
u00008,2017,2,19,9:00,19:11
u00008,2017,2,20,9:00,17:32
u00008,2017,2,21,9:00,20:43
u00008,2017,2,22,9:00,18:19
u00008,2017,2,23,9:00,20:45
u00008,2017,2,24,9:00,19:26
u00008,2017,2,25,9:00,19:13
u00008,2017,2,26,9:00,19:13
u00008,2017,2,27,9:00,18:44
u00008,2017,2,28,9:00,19:59
u00009,2017,1,1,9:00,19:56
u00009,2017,1,2,9:00,19:46
u00009,2017,1,3,9:00,20:09
u00009,2017,1,4,9:00,21:05
u00009,2017,1,5,9:00,17:42
u00009,2017,1,6,9:00,19:25
u00009,2017,1,7,9:00,19:11
u00009,2017,1,8,9:00,18:27
u00009,2017,1,9,9:00,19:55
u00009,2017,1,10,9:00,19:50
u00009,2017,1,11,9:00,18:21
u00009,2017,1,12,9:00,17:45
u00009,2017,1,13,9:00,20:36
u00009,2017,1,14,9:00,19:15
u00009,2017,1,15,9:00,19:30
u00009,2017,1,16,9:00,18:09
u00009,2017,1,17,9:00,19:22
u00009,2017,1,18,9:00,19:59
u00009,2017,1,19,9:00,17:45
u00009,2017,1,20,9:00,20:20
u00009,2017,1,21,9:00,19:59
u00009,2017,1,22,9:00,20:08
u00009,2017,1,23,9:00,17:32
u00009,2017,1,24,9:00,18:12
u00009,2017,1,25,9:00,17:37
u00009,2017,1,26,9:00,18:29
u00009,2017,1,27,9:00,19:30
u00009,2017,1,28,9:00,20:38
u00009,2017,1,29,9:00,20:16
u00009,2017,1,30,9:00,20:54
u00009,2017,1,31,9:00,18:11
u00009,2017,2,1,9:00,21:19
u00009,2017,2,2,9:00,20:32
u00009,2017,2,3,9:00,20:24
u00009,2017,2,4,9:00,19:31
u00009,2017,2,5,9:00,18:54
u00009,2017,2,6,9:00,21:19
u00009,2017,2,7,9:00,20:55
u00009,2017,2,8,9:00,20:11
u00009,2017,2,9,9:00,20:01
u00009,2017,2,10,9:00,18:47
u00009,2017,2,11,9:00,21:10
u00009,2017,2,12,9:00,19:30
u00009,2017,2,13,9:00,19:22
u00009,2017,2,14,9:00,21:12
u00009,2017,2,15,9:00,18:53
u00009,2017,2,16,9:00,20:14
u00009,2017,2,17,9:00,19:49
u00009,2017,2,18,9:00,18:08
u00009,2017,2,19,9:00,20:30
u00009,2017,2,20,9:00,19:23
u00009,2017,2,21,9:00,19:42
u00009,2017,2,22,9:00,18:20
u00009,2017,2,23,9:00,19:42
u00009,2017,2,24,9:00,20:02
u00009,2017,2,25,9:00,21:15
u00009,2017,2,26,9:00,18:39
u00009,2017,2,27,9:00,18:36
u00009,2017,2,28,9:00,20:19
u00010,2017,1,1,9:00,18:40
u00010,2017,1,2,9:00,17:41
u00010,2017,1,3,9:00,20:06
u00010,2017,1,4,9:00,20:36
u00010,2017,1,5,9:00,20:37
u00010,2017,1,6,9:00,20:07
u00010,2017,1,7,9:00,19:07
u00010,2017,1,8,9:00,19:02
u00010,2017,1,9,9:00,20:31
u00010,2017,1,10,9:00,17:58
u00010,2017,1,11,9:00,17:31
u00010,2017,1,12,9:00,19:43
u00010,2017,1,13,9:00,19:09
u00010,2017,1,14,9:00,20:14
u00010,2017,1,15,9:00,19:30
u00010,2017,1,16,9:00,19:41
u00010,2017,1,17,9:00,20:25
u00010,2017,1,18,9:00,20:59
u00010,2017,1,19,9:00,17:35
u00010,2017,1,20,9:00,19:41
u00010,2017,1,21,9:00,18:36
u00010,2017,1,22,9:00,20:14
u00010,2017,1,23,9:00,20:52
u00010,2017,1,24,9:00,17:51
u00010,2017,1,25,9:00,18:48
u00010,2017,1,26,9:00,17:45
u00010,2017,1,27,9:00,18:13
u00010,2017,1,28,9:00,18:31
u00010,2017,1,29,9:00,17:45
u00010,2017,1,30,9:00,20:54
u00010,2017,1,31,9:00,18:50
u00010,2017,2,1,9:00,20:07
u00010,2017,2,2,9:00,18:47
u00010,2017,2,3,9:00,18:16
u00010,2017,2,4,9:00,18:44
u00010,2017,2,5,9:00,18:44
u00010,2017,2,6,9:00,19:35
u00010,2017,2,7,9:00,17:45
u00010,2017,2,8,9:00,19:13
u00010,2017,2,9,9:00,17:54
u00010,2017,2,10,9:00,20:18
u00010,2017,2,11,9:00,18:21
u00010,2017,2,12,9:00,19:58
u00010,2017,2,13,9:00,19:56
u00010,2017,2,14,9:00,19:14
u00010,2017,2,15,9:00,20:18
u00010,2017,2,16,9:00,20:57
u00010,2017,2,17,9:00,20:37
u00010,2017,2,18,9:00,17:34
u00010,2017,2,19,9:00,21:10
u00010,2017,2,20,9:00,18:23
u00010,2017,2,21,9:00,17:40
u00010,2017,2,22,9:00,21:08
u00010,2017,2,23,9:00,20:47
u00010,2017,2,24,9:00,17:48
u00010,2017,2,25,9:00,18:26
u00010,2017,2,26,9:00,19:55
u00010,2017,2,27,9:00,17:32
u00010,2017,2,28,9:00,20:06
u00011,2017,1,1,9:00,17:34
u00011,2017,1,2,9:00,21:28
u00011,2017,1,3,9:00,19:39
u00011,2017,1,4,9:00,21:02
u00011,2017,1,5,9:00,18:52
u00011,2017,1,6,9:00,18:00
u00011,2017,1,7,9:00,20:26
u00011,2017,1,8,9:00,19:43
u00011,2017,1,9,9:00,19:08
u00011,2017,1,10,9:00,17:54
u00011,2017,1,11,9:00,21:17
u00011,2017,1,12,9:00,18:07
u00011,2017,1,13,9:00,21:01
u00011,2017,1,14,9:00,20:12
u00011,2017,1,15,9:00,19:39
u00011,2017,1,16,9:00,18:43
u00011,2017,1,17,9:00,19:44
u00011,2017,1,18,9:00,21:03
u00011,2017,1,19,9:00,19:51
u00011,2017,1,20,9:00,20:10
u00011,2017,1,21,9:00,18:41
u00011,2017,1,22,9:00,18:52
u00011,2017,1,23,9:00,19:21
u00011,2017,1,24,9:00,20:12
u00011,2017,1,25,9:00,18:41
u00011,2017,1,26,9:00,18:19
u00011,2017,1,27,9:00,18:40
u00011,2017,1,28,9:00,21:15
u00011,2017,1,29,9:00,18:54
u00011,2017,1,30,9:00,17:34
u00011,2017,1,31,9:00,17:41
u00011,2017,2,1,9:00,20:30
u00011,2017,2,2,9:00,20:19
u00011,2017,2,3,9:00,17:42
u00011,2017,2,4,9:00,21:06
u00011,2017,2,5,9:00,19:28
u00011,2017,2,6,9:00,18:56
u00011,2017,2,7,9:00,20:24
u00011,2017,2,8,9:00,17:50
u00011,2017,2,9,9:00,18:57
u00011,2017,2,10,9:00,20:42
u00011,2017,2,11,9:00,20:43
u00011,2017,2,12,9:00,19:51
u00011,2017,2,13,9:00,19:40
u00011,2017,2,14,9:00,19:29
u00011,2017,2,15,9:00,18:47
u00011,2017,2,16,9:00,20:02
u00011,2017,2,17,9:00,19:03
u00011,2017,2,18,9:00,19:53
u00011,2017,2,19,9:00,17:37
u00011,2017,2,20,9:00,17:35
u00011,2017,2,21,9:00,18:45
u00011,2017,2,22,9:00,20:12
u00011,2017,2,23,9:00,21:27
u00011,2017,2,24,9:00,17:56
u00011,2017,2,25,9:00,17:52
u00011,2017,2,26,9:00,20:04
u00011,2017,2,27,9:00,18:26
u00011,2017,2,28,9:00,19:13
u00012,2017,1,1,9:00,21:16
u00012,2017,1,2,9:00,20:06
u00012,2017,1,3,9:00,20:21
u00012,2017,1,4,9:00,18:22
u00012,2017,1,5,9:00,18:37
u00012,2017,1,6,9:00,21:06
u00012,2017,1,7,9:00,19:29
u00012,2017,1,8,9:00,21:05
u00012,2017,1,9,9:00,18:36
u00012,2017,1,10,9:00,18:27
u00012,2017,1,11,9:00,19:53
u00012,2017,1,12,9:00,20:22
u00012,2017,1,13,9:00,18:54
u00012,2017,1,14,9:00,19:20
u00012,2017,1,15,9:00,19:59
u00012,2017,1,16,9:00,18:00
u00012,2017,1,17,9:00,20:49
u00012,2017,1,18,9:00,18:16
u00012,2017,1,19,9:00,19:15
u00012,2017,1,20,9:00,21:27
u00012,2017,1,21,9:00,19:57
u00012,2017,1,22,9:00,20:30
u00012,2017,1,23,9:00,18:03
u00012,2017,1,24,9:00,20:14
u00012,2017,1,25,9:00,19:29
u00012,2017,1,26,9:00,17:43
u00012,2017,1,27,9:00,19:45
u00012,2017,1,28,9:00,19:53
u00012,2017,1,29,9:00,17:31
u00012,2017,1,30,9:00,19:10
u00012,2017,1,31,9:00,21:23
u00012,2017,2,1,9:00,19:49
u00012,2017,2,2,9:00,19:12
u00012,2017,2,3,9:00,17:37
u00012,2017,2,4,9:00,18:33
u00012,2017,2,5,9:00,18:42
u00012,2017,2,6,9:00,20:43
u00012,2017,2,7,9:00,19:13
u00012,2017,2,8,9:00,19:47
u00012,2017,2,9,9:00,18:49
u00012,2017,2,10,9:00,21:09
u00012,2017,2,11,9:00,18:59
u00012,2017,2,12,9:00,19:54
u00012,2017,2,13,9:00,18:27
u00012,2017,2,14,9:00,21:02
u00012,2017,2,15,9:00,17:30
u00012,2017,2,16,9:00,17:33
u00012,2017,2,17,9:00,17:32
u00012,2017,2,18,9:00,17:45
u00012,2017,2,19,9:00,19:31
u00012,2017,2,20,9:00,18:23
u00012,2017,2,21,9:00,19:38
u00012,2017,2,22,9:00,20:46
u00012,2017,2,23,9:00,20:57
u00012,2017,2,24,9:00,19:35
u00012,2017,2,25,9:00,21:23
u00012,2017,2,26,9:00,19:21
u00012,2017,2,27,9:00,20:26
u00012,2017,2,28,9:00,17:47
u00013,2017,1,1,9:00,21:26
u00013,2017,1,2,9:00,19:02
u00013,2017,1,3,9:00,19:01
u00013,2017,1,4,9:00,19:01
u00013,2017,1,5,9:00,20:41
u00013,2017,1,6,9:00,17:51
u00013,2017,1,7,9:00,17:42
u00013,2017,1,8,9:00,18:12
u00013,2017,1,9,9:00,17:34
u00013,2017,1,10,9:00,19:32
u00013,2017,1,11,9:00,21:10
u00013,2017,1,12,9:00,18:59
u00013,2017,1,13,9:00,19:59
u00013,2017,1,14,9:00,18:21
u00013,2017,1,15,9:00,19:21
u00013,2017,1,16,9:00,17:44
u00013,2017,1,17,9:00,18:01
u00013,2017,1,18,9:00,17:42
u00013,2017,1,19,9:00,18:42
u00013,2017,1,20,9:00,18:19
u00013,2017,1,21,9:00,17:57
u00013,2017,1,22,9:00,18:54
u00013,2017,1,23,9:00,20:07
u00013,2017,1,24,9:00,21:13
u00013,2017,1,25,9:00,21:02
u00013,2017,1,26,9:00,21:06
u00013,2017,1,27,9:00,19:35
u00013,2017,1,28,9:00,19:28
u00013,2017,1,29,9:00,20:29
u00013,2017,1,30,9:00,17:49
u00013,2017,1,31,9:00,19:34
u00013,2017,2,1,9:00,21:10
u00013,2017,2,2,9:00,19:06
u00013,2017,2,3,9:00,21:09
u00013,2017,2,4,9:00,21:02
u00013,2017,2,5,9:00,19:26
u00013,2017,2,6,9:00,18:41
u00013,2017,2,7,9:00,18:30
u00013,2017,2,8,9:00,17:39
u00013,2017,2,9,9:00,20:38
u00013,2017,2,10,9:00,17:30
u00013,2017,2,11,9:00,18:16
u00013,2017,2,12,9:00,18:27
u00013,2017,2,13,9:00,21:05
u00013,2017,2,14,9:00,17:44
u00013,2017,2,15,9:00,20:43
u00013,2017,2,16,9:00,18:31
u00013,2017,2,17,9:00,19:26
u00013,2017,2,18,9:00,21:16
u00013,2017,2,19,9:00,20:51
u00013,2017,2,20,9:00,17:40
u00013,2017,2,21,9:00,20:18
u00013,2017,2,22,9:00,18:46
u00013,2017,2,23,9:00,19:05
u00013,2017,2,24,9:00,20:11
u00013,2017,2,25,9:00,20:49
u00013,2017,2,26,9:00,17:41
u00013,2017,2,27,9:00,21:13
u00013,2017,2,28,9:00,18:13
u00014,2017,1,1,9:00,20:15
u00014,2017,1,2,9:00,18:12
u00014,2017,1,3,9:00,20:17
u00014,2017,1,4,9:00,18:52
u00014,2017,1,5,9:00,20:07
u00014,2017,1,6,9:00,19:38
u00014,2017,1,7,9:00,18:33
u00014,2017,1,8,9:00,18:21
u00014,2017,1,9,9:00,19:11
u00014,2017,1,10,9:00,20:20
u00014,2017,1,11,9:00,19:14
u00014,2017,1,12,9:00,21:10
u00014,2017,1,13,9:00,21:01
u00014,2017,1,14,9:00,20:55
u00014,2017,1,15,9:00,19:04
u00014,2017,1,16,9:00,20:53
u00014,2017,1,17,9:00,19:48
u00014,2017,1,18,9:00,18:09
u00014,2017,1,19,9:00,19:06
u00014,2017,1,20,9:00,20:18
u00014,2017,1,21,9:00,19:47
u00014,2017,1,22,9:00,19:11
u00014,2017,1,23,9:00,19:24
u00014,2017,1,24,9:00,21:08
u00014,2017,1,25,9:00,18:28
u00014,2017,1,26,9:00,18:45
u00014,2017,1,27,9:00,20:26
u00014,2017,1,28,9:00,20:56
u00014,2017,1,29,9:00,20:53
u00014,2017,1,30,9:00,19:18
u00014,2017,1,31,9:00,20:25
u00014,2017,2,1,9:00,19:52
u00014,2017,2,2,9:00,17:47
u00014,2017,2,3,9:00,20:29
u00014,2017,2,4,9:00,20:54
u00014,2017,2,5,9:00,21:21
u00014,2017,2,6,9:00,19:43
u00014,2017,2,7,9:00,18:56
u00014,2017,2,8,9:00,19:11
u00014,2017,2,9,9:00,19:19
u00014,2017,2,10,9:00,18:52
u00014,2017,2,11,9:00,17:34
u00014,2017,2,12,9:00,18:31
u00014,2017,2,13,9:00,18:10
u00014,2017,2,14,9:00,20:18
u00014,2017,2,15,9:00,18:28
u00014,2017,2,16,9:00,20:46
u00014,2017,2,17,9:00,20:14
u00014,2017,2,18,9:00,17:47
u00014,2017,2,19,9:00,20:02
u00014,2017,2,20,9:00,19:55
u00014,2017,2,21,9:00,17:41
u00014,2017,2,22,9:00,17:58
u00014,2017,2,23,9:00,18:24
u00014,2017,2,24,9:00,19:09
u00014,2017,2,25,9:00,18:14
u00014,2017,2,26,9:00,20:12
u00014,2017,2,27,9:00,19:28
u00014,2017,2,28,9:00,18:16
u00015,2017,1,1,9:00,19:46
u00015,2017,1,2,9:00,20:32
u00015,2017,1,3,9:00,18:33
u00015,2017,1,4,9:00,17:56
u00015,2017,1,5,9:00,21:07
u00015,2017,1,6,9:00,18:33
u00015,2017,1,7,9:00,18:31
u00015,2017,1,8,9:00,17:53
u00015,2017,1,9,9:00,19:54
u00015,2017,1,10,9:00,19:12
u00015,2017,1,11,9:00,18:35
u00015,2017,1,12,9:00,19:46
u00015,2017,1,13,9:00,18:51
u00015,2017,1,14,9:00,20:38
u00015,2017,1,15,9:00,21:11
u00015,2017,1,16,9:00,19:11
u00015,2017,1,17,9:00,21:18
u00015,2017,1,18,9:00,20:48
u00015,2017,1,19,9:00,19:33
u00015,2017,1,20,9:00,17:31
u00015,2017,1,21,9:00,19:25
u00015,2017,1,22,9:00,20:03
u00015,2017,1,23,9:00,19:23
u00015,2017,1,24,9:00,20:48
u00015,2017,1,25,9:00,19:55
u00015,2017,1,26,9:00,17:38
u00015,2017,1,27,9:00,18:17
u00015,2017,1,28,9:00,18:30
u00015,2017,1,29,9:00,18:46
u00015,2017,1,30,9:00,18:51
u00015,2017,1,31,9:00,20:01
u00015,2017,2,1,9:00,18:40
u00015,2017,2,2,9:00,20:34
u00015,2017,2,3,9:00,20:44
u00015,2017,2,4,9:00,18:43
u00015,2017,2,5,9:00,18:53
u00015,2017,2,6,9:00,18:34
u00015,2017,2,7,9:00,20:28
u00015,2017,2,8,9:00,20:04
u00015,2017,2,9,9:00,18:34
u00015,2017,2,10,9:00,19:45
u00015,2017,2,11,9:00,18:56
u00015,2017,2,12,9:00,20:04
u00015,2017,2,13,9:00,19:11
u00015,2017,2,14,9:00,19:49
u00015,2017,2,15,9:00,18:56
u00015,2017,2,16,9:00,18:39
u00015,2017,2,17,9:00,19:17
u00015,2017,2,18,9:00,17:40
u00015,2017,2,19,9:00,20:14
u00015,2017,2,20,9:00,19:15
u00015,2017,2,21,9:00,18:36
u00015,2017,2,22,9:00,19:46
u00015,2017,2,23,9:00,18:20
u00015,2017,2,24,9:00,17:38
u00015,2017,2,25,9:00,19:55
u00015,2017,2,26,9:00,17:40
u00015,2017,2,27,9:00,19:29
u00015,2017,2,28,9:00,18:32
u00016,2017,1,1,9:00,18:56
u00016,2017,1,2,9:00,18:03
u00016,2017,1,3,9:00,18:17
u00016,2017,1,4,9:00,20:53
u00016,2017,1,5,9:00,21:25
u00016,2017,1,6,9:00,17:52
u00016,2017,1,7,9:00,17:57
u00016,2017,1,8,9:00,18:16
u00016,2017,1,9,9:00,19:47
u00016,2017,1,10,9:00,20:44
u00016,2017,1,11,9:00,20:26
u00016,2017,1,12,9:00,20:22
u00016,2017,1,13,9:00,21:28
u00016,2017,1,14,9:00,21:03
u00016,2017,1,15,9:00,18:32
u00016,2017,1,16,9:00,19:53
u00016,2017,1,17,9:00,20:23
u00016,2017,1,18,9:00,20:19
u00016,2017,1,19,9:00,17:50
u00016,2017,1,20,9:00,20:31
u00016,2017,1,21,9:00,19:10
u00016,2017,1,22,9:00,21:10
u00016,2017,1,23,9:00,18:34
u00016,2017,1,24,9:00,20:37
u00016,2017,1,25,9:00,21:03
u00016,2017,1,26,9:00,18:50
u00016,2017,1,27,9:00,18:28
u00016,2017,1,28,9:00,19:53
u00016,2017,1,29,9:00,20:36
u00016,2017,1,30,9:00,20:12
u00016,2017,1,31,9:00,20:25
u00016,2017,2,1,9:00,18:06
u00016,2017,2,2,9:00,18:33
u00016,2017,2,3,9:00,18:23
u00016,2017,2,4,9:00,18:32
u00016,2017,2,5,9:00,21:20
u00016,2017,2,6,9:00,18:43
u00016,2017,2,7,9:00,18:38
u00016,2017,2,8,9:00,21:24
u00016,2017,2,9,9:00,21:02
u00016,2017,2,10,9:00,18:47
u00016,2017,2,11,9:00,20:47
u00016,2017,2,12,9:00,18:41
u00016,2017,2,13,9:00,17:49
u00016,2017,2,14,9:00,18:00
u00016,2017,2,15,9:00,19:46
u00016,2017,2,16,9:00,21:08
u00016,2017,2,17,9:00,20:48
u00016,2017,2,18,9:00,21:03
u00016,2017,2,19,9:00,19:52
u00016,2017,2,20,9:00,17:41
u00016,2017,2,21,9:00,19:12
u00016,2017,2,22,9:00,18:16
u00016,2017,2,23,9:00,18:20
u00016,2017,2,24,9:00,19:01
u00016,2017,2,25,9:00,18:22
u00016,2017,2,26,9:00,17:34
u00016,2017,2,27,9:00,20:24
u00016,2017,2,28,9:00,21:26
u00017,2017,1,1,9:00,20:34
u00017,2017,1,2,9:00,20:26
u00017,2017,1,3,9:00,17:30
u00017,2017,1,4,9:00,20:57
u00017,2017,1,5,9:00,18:59
u00017,2017,1,6,9:00,18:11
u00017,2017,1,7,9:00,20:12
u00017,2017,1,8,9:00,18:33
u00017,2017,1,9,9:00,19:08
u00017,2017,1,10,9:00,19:00
u00017,2017,1,11,9:00,20:18
u00017,2017,1,12,9:00,21:09
u00017,2017,1,13,9:00,19:17
u00017,2017,1,14,9:00,19:52
u00017,2017,1,15,9:00,20:40
u00017,2017,1,16,9:00,18:13
u00017,2017,1,17,9:00,19:47
u00017,2017,1,18,9:00,19:12
u00017,2017,1,19,9:00,18:10
u00017,2017,1,20,9:00,18:35
u00017,2017,1,21,9:00,18:39
u00017,2017,1,22,9:00,18:23
u00017,2017,1,23,9:00,20:09
u00017,2017,1,24,9:00,21:27
u00017,2017,1,25,9:00,17:43
u00017,2017,1,26,9:00,20:49
u00017,2017,1,27,9:00,20:06
u00017,2017,1,28,9:00,21:08
u00017,2017,1,29,9:00,20:41
u00017,2017,1,30,9:00,18:51
u00017,2017,1,31,9:00,18:42
u00017,2017,2,1,9:00,20:58
u00017,2017,2,2,9:00,17:58
u00017,2017,2,3,9:00,19:39
u00017,2017,2,4,9:00,21:20
u00017,2017,2,5,9:00,17:35
u00017,2017,2,6,9:00,20:41
u00017,2017,2,7,9:00,20:33
u00017,2017,2,8,9:00,18:31
u00017,2017,2,9,9:00,19:40
u00017,2017,2,10,9:00,20:07
u00017,2017,2,11,9:00,19:45
u00017,2017,2,12,9:00,20:30
u00017,2017,2,13,9:00,21:08
u00017,2017,2,14,9:00,20:33
u00017,2017,2,15,9:00,17:37
u00017,2017,2,16,9:00,17:36
u00017,2017,2,17,9:00,17:36
u00017,2017,2,18,9:00,19:39
u00017,2017,2,19,9:00,17:42
u00017,2017,2,20,9:00,18:05
u00017,2017,2,21,9:00,17:42
u00017,2017,2,22,9:00,18:12
u00017,2017,2,23,9:00,20:12
u00017,2017,2,24,9:00,20:37
u00017,2017,2,25,9:00,19:24
u00017,2017,2,26,9:00,19:57
u00017,2017,2,27,9:00,20:15
u00017,2017,2,28,9:00,18:24
u00018,2017,1,1,9:00,18:09
u00018,2017,1,2,9:00,17:41
u00018,2017,1,3,9:00,18:17
u00018,2017,1,4,9:00,17:42
u00018,2017,1,5,9:00,17:42
u00018,2017,1,6,9:00,17:57
u00018,2017,1,7,9:00,18:01
u00018,2017,1,8,9:00,20:09
u00018,2017,1,9,9:00,18:05
u00018,2017,1,10,9:00,18:22
u00018,2017,1,11,9:00,17:53
u00018,2017,1,12,9:00,21:18
u00018,2017,1,13,9:00,20:29
u00018,2017,1,14,9:00,20:22
u00018,2017,1,15,9:00,17:48
u00018,2017,1,16,9:00,17:31
u00018,2017,1,17,9:00,21:28
u00018,2017,1,18,9:00,17:41
u00018,2017,1,19,9:00,17:48
u00018,2017,1,20,9:00,19:15
u00018,2017,1,21,9:00,19:18
u00018,2017,1,22,9:00,18:40
u00018,2017,1,23,9:00,20:39
u00018,2017,1,24,9:00,17:56
u00018,2017,1,25,9:00,21:06
u00018,2017,1,26,9:00,19:18
u00018,2017,1,27,9:00,18:14
u00018,2017,1,28,9:00,20:10
u00018,2017,1,29,9:00,18:09
u00018,2017,1,30,9:00,19:11
u00018,2017,1,31,9:00,20:59
u00018,2017,2,1,9:00,17:33
u00018,2017,2,2,9:00,21:26
u00018,2017,2,3,9:00,18:45
u00018,2017,2,4,9:00,19:40
u00018,2017,2,5,9:00,19:12
u00018,2017,2,6,9:00,18:45
u00018,2017,2,7,9:00,17:51
u00018,2017,2,8,9:00,21:01
u00018,2017,2,9,9:00,20:10
u00018,2017,2,10,9:00,17:49
u00018,2017,2,11,9:00,18:01
u00018,2017,2,12,9:00,19:01
u00018,2017,2,13,9:00,18:38
u00018,2017,2,14,9:00,19:36
u00018,2017,2,15,9:00,21:11
u00018,2017,2,16,9:00,18:14
u00018,2017,2,17,9:00,20:04
u00018,2017,2,18,9:00,18:37
u00018,2017,2,19,9:00,19:54
u00018,2017,2,20,9:00,19:58
u00018,2017,2,21,9:00,19:27
u00018,2017,2,22,9:00,18:16
u00018,2017,2,23,9:00,20:35
u00018,2017,2,24,9:00,18:39
u00018,2017,2,25,9:00,17:43
u00018,2017,2,26,9:00,18:52
u00018,2017,2,27,9:00,20:03
u00018,2017,2,28,9:00,21:04
u00019,2017,1,1,9:00,18:29
u00019,2017,1,2,9:00,19:31
u00019,2017,1,3,9:00,18:19
u00019,2017,1,4,9:00,19:42
u00019,2017,1,5,9:00,18:43
u00019,2017,1,6,9:00,21:22
u00019,2017,1,7,9:00,19:51
u00019,2017,1,8,9:00,17:53
u00019,2017,1,9,9:00,20:49
u00019,2017,1,10,9:00,18:25
u00019,2017,1,11,9:00,20:40
u00019,2017,1,12,9:00,20:02
u00019,2017,1,13,9:00,20:06
u00019,2017,1,14,9:00,21:07
u00019,2017,1,15,9:00,18:26
u00019,2017,1,16,9:00,19:38
u00019,2017,1,17,9:00,20:12
u00019,2017,1,18,9:00,17:50
u00019,2017,1,19,9:00,20:30
u00019,2017,1,20,9:00,20:45
u00019,2017,1,21,9:00,19:37
u00019,2017,1,22,9:00,19:07
u00019,2017,1,23,9:00,18:31
u00019,2017,1,24,9:00,19:21
u00019,2017,1,25,9:00,18:43
u00019,2017,1,26,9:00,20:24
u00019,2017,1,27,9:00,17:35
u00019,2017,1,28,9:00,18:07
u00019,2017,1,29,9:00,20:38
u00019,2017,1,30,9:00,18:36
u00019,2017,1,31,9:00,18:37
u00019,2017,2,1,9:00,17:34
u00019,2017,2,2,9:00,20:20
u00019,2017,2,3,9:00,18:05
u00019,2017,2,4,9:00,20:51
u00019,2017,2,5,9:00,20:14
u00019,2017,2,6,9:00,19:20
u00019,2017,2,7,9:00,21:02
u00019,2017,2,8,9:00,20:07
u00019,2017,2,9,9:00,20:30
u00019,2017,2,10,9:00,19:55
u00019,2017,2,11,9:00,20:09
u00019,2017,2,12,9:00,18:52
u00019,2017,2,13,9:00,17:38
u00019,2017,2,14,9:00,20:54
u00019,2017,2,15,9:00,21:27
u00019,2017,2,16,9:00,20:49
u00019,2017,2,17,9:00,19:00
u00019,2017,2,18,9:00,20:53
u00019,2017,2,19,9:00,21:25
u00019,2017,2,20,9:00,19:47
u00019,2017,2,21,9:00,19:47
u00019,2017,2,22,9:00,19:56
u00019,2017,2,23,9:00,19:29
u00019,2017,2,24,9:00,17:36
u00019,2017,2,25,9:00,17:44
u00019,2017,2,26,9:00,18:37
u00019,2017,2,27,9:00,17:33
u00019,2017,2,28,9:00,18:15
u00020,2017,1,1,9:00,20:47
u00020,2017,1,2,9:00,20:03
u00020,2017,1,3,9:00,20:03
u00020,2017,1,4,9:00,19:30
u00020,2017,1,5,9:00,19:01
u00020,2017,1,6,9:00,19:15
u00020,2017,1,7,9:00,18:47
u00020,2017,1,8,9:00,19:11
u00020,2017,1,9,9:00,17:31
u00020,2017,1,10,9:00,17:33
u00020,2017,1,11,9:00,18:49
u00020,2017,1,12,9:00,18:37
u00020,2017,1,13,9:00,20:11
u00020,2017,1,14,9:00,18:27
u00020,2017,1,15,9:00,20:51
u00020,2017,1,16,9:00,20:22
u00020,2017,1,17,9:00,20:44
u00020,2017,1,18,9:00,19:46
u00020,2017,1,19,9:00,20:37
u00020,2017,1,20,9:00,20:16
u00020,2017,1,21,9:00,17:32
u00020,2017,1,22,9:00,19:06
u00020,2017,1,23,9:00,20:40
u00020,2017,1,24,9:00,20:13
u00020,2017,1,25,9:00,18:49
u00020,2017,1,26,9:00,19:20
u00020,2017,1,27,9:00,19:56
u00020,2017,1,28,9:00,18:10
u00020,2017,1,29,9:00,19:11
u00020,2017,1,30,9:00,18:52
u00020,2017,1,31,9:00,18:37
u00020,2017,2,1,9:00,20:39
u00020,2017,2,2,9:00,21:17
u00020,2017,2,3,9:00,18:22
u00020,2017,2,4,9:00,20:17
u00020,2017,2,5,9:00,21:19
u00020,2017,2,6,9:00,17:52
u00020,2017,2,7,9:00,20:47
u00020,2017,2,8,9:00,20:58
u00020,2017,2,9,9:00,18:43
u00020,2017,2,10,9:00,19:50
u00020,2017,2,11,9:00,17:42
u00020,2017,2,12,9:00,21:06
u00020,2017,2,13,9:00,20:49
u00020,2017,2,14,9:00,19:34
u00020,2017,2,15,9:00,19:38
u00020,2017,2,16,9:00,18:38
u00020,2017,2,17,9:00,17:31
u00020,2017,2,18,9:00,20:04
u00020,2017,2,19,9:00,20:32
u00020,2017,2,20,9:00,17:34
u00020,2017,2,21,9:00,21:15
u00020,2017,2,22,9:00,17:39
u00020,2017,2,23,9:00,20:03
u00020,2017,2,24,9:00,19:10
u00020,2017,2,25,9:00,21:27
u00020,2017,2,26,9:00,17:48
u00020,2017,2,27,9:00,19:14
u00020,2017,2,28,9:00,17:41
u00021,2017,1,1,9:00,19:33
u00021,2017,1,2,9:00,20:27
u00021,2017,1,3,9:00,21:04
u00021,2017,1,4,9:00,19:12
u00021,2017,1,5,9:00,19:10
u00021,2017,1,6,9:00,18:21
u00021,2017,1,7,9:00,18:34
u00021,2017,1,8,9:00,19:06
u00021,2017,1,9,9:00,18:48
u00021,2017,1,10,9:00,20:24
u00021,2017,1,11,9:00,18:09
u00021,2017,1,12,9:00,20:55
u00021,2017,1,13,9:00,18:13
u00021,2017,1,14,9:00,18:17
u00021,2017,1,15,9:00,17:56
u00021,2017,1,16,9:00,18:17
u00021,2017,1,17,9:00,18:22
u00021,2017,1,18,9:00,21:16
u00021,2017,1,19,9:00,18:28
u00021,2017,1,20,9:00,19:11
u00021,2017,1,21,9:00,17:50
u00021,2017,1,22,9:00,19:43
u00021,2017,1,23,9:00,17:55
u00021,2017,1,24,9:00,20:26
u00021,2017,1,25,9:00,18:10
u00021,2017,1,26,9:00,20:41
u00021,2017,1,27,9:00,20:48
u00021,2017,1,28,9:00,18:21
u00021,2017,1,29,9:00,18:18
u00021,2017,1,30,9:00,18:53
u00021,2017,1,31,9:00,21:27
u00021,2017,2,1,9:00,21:01
u00021,2017,2,2,9:00,21:04
u00021,2017,2,3,9:00,17:58
u00021,2017,2,4,9:00,19:41
u00021,2017,2,5,9:00,17:40
u00021,2017,2,6,9:00,20:03
u00021,2017,2,7,9:00,18:53
u00021,2017,2,8,9:00,21:14
u00021,2017,2,9,9:00,20:49
u00021,2017,2,10,9:00,18:36
u00021,2017,2,11,9:00,18:09
u00021,2017,2,12,9:00,20:22
u00021,2017,2,13,9:00,20:30
u00021,2017,2,14,9:00,17:46
u00021,2017,2,15,9:00,19:13
u00021,2017,2,16,9:00,20:59
u00021,2017,2,17,9:00,20:19
u00021,2017,2,18,9:00,18:22
u00021,2017,2,19,9:00,19:53
u00021,2017,2,20,9:00,17:40
u00021,2017,2,21,9:00,19:27
u00021,2017,2,22,9:00,19:04
u00021,2017,2,23,9:00,21:29
u00021,2017,2,24,9:00,17:50
u00021,2017,2,25,9:00,20:50
u00021,2017,2,26,9:00,21:13
u00021,2017,2,27,9:00,19:56
u00021,2017,2,28,9:00,18:54
u00022,2017,1,1,9:00,19:28
u00022,2017,1,2,9:00,18:29
u00022,2017,1,3,9:00,18:41
u00022,2017,1,4,9:00,21:24
u00022,2017,1,5,9:00,18:21
u00022,2017,1,6,9:00,20:52
u00022,2017,1,7,9:00,19:19
u00022,2017,1,8,9:00,18:20
u00022,2017,1,9,9:00,19:11
u00022,2017,1,10,9:00,19:20
u00022,2017,1,11,9:00,20:27
u00022,2017,1,12,9:00,20:15
u00022,2017,1,13,9:00,18:53
u00022,2017,1,14,9:00,18:56
u00022,2017,1,15,9:00,20:59
u00022,2017,1,16,9:00,18:08
u00022,2017,1,17,9:00,19:10
u00022,2017,1,18,9:00,17:37
u00022,2017,1,19,9:00,19:37
u00022,2017,1,20,9:00,20:21
u00022,2017,1,21,9:00,19:00
u00022,2017,1,22,9:00,20:08
u00022,2017,1,23,9:00,20:00
u00022,2017,1,24,9:00,20:38
u00022,2017,1,25,9:00,18:24
u00022,2017,1,26,9:00,21:26
u00022,2017,1,27,9:00,20:28
u00022,2017,1,28,9:00,20:36
u00022,2017,1,29,9:00,17:53
u00022,2017,1,30,9:00,20:26
u00022,2017,1,31,9:00,19:11
u00022,2017,2,1,9:00,19:00
u00022,2017,2,2,9:00,20:22
u00022,2017,2,3,9:00,19:48
u00022,2017,2,4,9:00,19:42
u00022,2017,2,5,9:00,21:28
u00022,2017,2,6,9:00,18:50
u00022,2017,2,7,9:00,20:03
u00022,2017,2,8,9:00,19:02
u00022,2017,2,9,9:00,19:49
u00022,2017,2,10,9:00,18:25
u00022,2017,2,11,9:00,18:43
u00022,2017,2,12,9:00,17:33
u00022,2017,2,13,9:00,18:35
u00022,2017,2,14,9:00,20:14
u00022,2017,2,15,9:00,19:00
u00022,2017,2,16,9:00,20:13
u00022,2017,2,17,9:00,19:09
u00022,2017,2,18,9:00,21:09
u00022,2017,2,19,9:00,18:10
u00022,2017,2,20,9:00,19:01
u00022,2017,2,21,9:00,20:04
u00022,2017,2,22,9:00,18:02
u00022,2017,2,23,9:00,20:37
u00022,2017,2,24,9:00,18:49
u00022,2017,2,25,9:00,21:10
u00022,2017,2,26,9:00,20:47
u00022,2017,2,27,9:00,18:14
u00022,2017,2,28,9:00,18:45
u00023,2017,1,1,9:00,19:30
u00023,2017,1,2,9:00,20:40
u00023,2017,1,3,9:00,20:17
u00023,2017,1,4,9:00,21:20
u00023,2017,1,5,9:00,19:15
u00023,2017,1,6,9:00,20:17
u00023,2017,1,7,9:00,19:42
u00023,2017,1,8,9:00,20:39
u00023,2017,1,9,9:00,19:21
u00023,2017,1,10,9:00,21:29
u00023,2017,1,11,9:00,20:29
u00023,2017,1,12,9:00,19:47
u00023,2017,1,13,9:00,17:57
u00023,2017,1,14,9:00,21:28
u00023,2017,1,15,9:00,20:00
u00023,2017,1,16,9:00,19:03
u00023,2017,1,17,9:00,19:12
u00023,2017,1,18,9:00,21:25
u00023,2017,1,19,9:00,18:42
u00023,2017,1,20,9:00,18:27
u00023,2017,1,21,9:00,18:47
u00023,2017,1,22,9:00,18:16
u00023,2017,1,23,9:00,19:31
u00023,2017,1,24,9:00,17:53
u00023,2017,1,25,9:00,19:46
u00023,2017,1,26,9:00,18:53
u00023,2017,1,27,9:00,19:45
u00023,2017,1,28,9:00,20:26
u00023,2017,1,29,9:00,20:14
u00023,2017,1,30,9:00,21:06
u00023,2017,1,31,9:00,19:32
u00023,2017,2,1,9:00,20:11
u00023,2017,2,2,9:00,18:04
u00023,2017,2,3,9:00,17:50
u00023,2017,2,4,9:00,20:03
u00023,2017,2,5,9:00,19:59
u00023,2017,2,6,9:00,21:17
u00023,2017,2,7,9:00,17:56
u00023,2017,2,8,9:00,19:40
u00023,2017,2,9,9:00,20:14
u00023,2017,2,10,9:00,20:15
u00023,2017,2,11,9:00,19:40
u00023,2017,2,12,9:00,21:22
u00023,2017,2,13,9:00,17:36
u00023,2017,2,14,9:00,18:03
u00023,2017,2,15,9:00,20:03
u00023,2017,2,16,9:00,20:20
u00023,2017,2,17,9:00,18:43
u00023,2017,2,18,9:00,18:42
u00023,2017,2,19,9:00,20:00
u00023,2017,2,20,9:00,17:46
u00023,2017,2,21,9:00,17:57
u00023,2017,2,22,9:00,21:28
u00023,2017,2,23,9:00,18:58
u00023,2017,2,24,9:00,18:59
u00023,2017,2,25,9:00,20:25
u00023,2017,2,26,9:00,21:20
u00023,2017,2,27,9:00,19:12
u00023,2017,2,28,9:00,19:14
u00024,2017,1,1,9:00,20:16
u00024,2017,1,2,9:00,20:29
u00024,2017,1,3,9:00,18:20
u00024,2017,1,4,9:00,21:25
u00024,2017,1,5,9:00,21:03
u00024,2017,1,6,9:00,21:01
u00024,2017,1,7,9:00,19:35
u00024,2017,1,8,9:00,17:39
u00024,2017,1,9,9:00,20:52
u00024,2017,1,10,9:00,18:42
u00024,2017,1,11,9:00,21:03
u00024,2017,1,12,9:00,21:21
u00024,2017,1,13,9:00,18:38
u00024,2017,1,14,9:00,20:12
u00024,2017,1,15,9:00,17:33
u00024,2017,1,16,9:00,21:19
u00024,2017,1,17,9:00,21:25
u00024,2017,1,18,9:00,19:47
u00024,2017,1,19,9:00,21:22
u00024,2017,1,20,9:00,21:01
u00024,2017,1,21,9:00,19:24
u00024,2017,1,22,9:00,18:25
u00024,2017,1,23,9:00,20:31
u00024,2017,1,24,9:00,19:05
u00024,2017,1,25,9:00,18:33
u00024,2017,1,26,9:00,18:17
u00024,2017,1,27,9:00,21:02
u00024,2017,1,28,9:00,18:25
u00024,2017,1,29,9:00,18:55
u00024,2017,1,30,9:00,18:25
u00024,2017,1,31,9:00,21:06
u00024,2017,2,1,9:00,18:57
u00024,2017,2,2,9:00,18:26
u00024,2017,2,3,9:00,18:23
u00024,2017,2,4,9:00,19:21
u00024,2017,2,5,9:00,18:37
u00024,2017,2,6,9:00,21:03
u00024,2017,2,7,9:00,19:20
u00024,2017,2,8,9:00,18:00
u00024,2017,2,9,9:00,20:56
u00024,2017,2,10,9:00,18:29
u00024,2017,2,11,9:00,17:32
u00024,2017,2,12,9:00,18:47
u00024,2017,2,13,9:00,20:59
u00024,2017,2,14,9:00,19:56
u00024,2017,2,15,9:00,20:11
u00024,2017,2,16,9:00,17:48
u00024,2017,2,17,9:00,19:14
u00024,2017,2,18,9:00,20:40
u00024,2017,2,19,9:00,18:44
u00024,2017,2,20,9:00,21:17
u00024,2017,2,21,9:00,19:05
u00024,2017,2,22,9:00,19:55
u00024,2017,2,23,9:00,18:48
u00024,2017,2,24,9:00,18:32
u00024,2017,2,25,9:00,17:31
u00024,2017,2,26,9:00,21:17
u00024,2017,2,27,9:00,18:45
u00024,2017,2,28,9:00,18:11
u00025,2017,1,1,9:00,21:24
u00025,2017,1,2,9:00,18:58
u00025,2017,1,3,9:00,17:45
u00025,2017,1,4,9:00,18:31
u00025,2017,1,5,9:00,20:30
u00025,2017,1,6,9:00,17:48
u00025,2017,1,7,9:00,19:52
u00025,2017,1,8,9:00,18:11
u00025,2017,1,9,9:00,20:08
u00025,2017,1,10,9:00,17:39
u00025,2017,1,11,9:00,19:05
u00025,2017,1,12,9:00,20:52
u00025,2017,1,13,9:00,18:58
u00025,2017,1,14,9:00,19:19
u00025,2017,1,15,9:00,21:00
u00025,2017,1,16,9:00,19:21
u00025,2017,1,17,9:00,19:49
u00025,2017,1,18,9:00,19:10
u00025,2017,1,19,9:00,21:08
u00025,2017,1,20,9:00,19:35
u00025,2017,1,21,9:00,18:43
u00025,2017,1,22,9:00,19:02
u00025,2017,1,23,9:00,21:05
u00025,2017,1,24,9:00,20:37
u00025,2017,1,25,9:00,21:09
u00025,2017,1,26,9:00,18:09
u00025,2017,1,27,9:00,18:42
u00025,2017,1,28,9:00,18:10
u00025,2017,1,29,9:00,18:30
u00025,2017,1,30,9:00,19:56
u00025,2017,1,31,9:00,18:02
u00025,2017,2,1,9:00,17:34
u00025,2017,2,2,9:00,19:44
u00025,2017,2,3,9:00,20:12
u00025,2017,2,4,9:00,19:34
u00025,2017,2,5,9:00,20:21
u00025,2017,2,6,9:00,19:03
u00025,2017,2,7,9:00,20:11
u00025,2017,2,8,9:00,19:05
u00025,2017,2,9,9:00,20:54
u00025,2017,2,10,9:00,18:01
u00025,2017,2,11,9:00,20:21
u00025,2017,2,12,9:00,18:58
u00025,2017,2,13,9:00,19:14
u00025,2017,2,14,9:00,19:27
u00025,2017,2,15,9:00,17:45
u00025,2017,2,16,9:00,19:22
u00025,2017,2,17,9:00,21:24
u00025,2017,2,18,9:00,19:33
u00025,2017,2,19,9:00,20:18
u00025,2017,2,20,9:00,20:11
u00025,2017,2,21,9:00,19:21
u00025,2017,2,22,9:00,20:12
u00025,2017,2,23,9:00,20:55
u00025,2017,2,24,9:00,21:26
u00025,2017,2,25,9:00,18:06
u00025,2017,2,26,9:00,20:47
u00025,2017,2,27,9:00,18:50
u00025,2017,2,28,9:00,20:38
u00026,2017,1,1,9:00,19:27
u00026,2017,1,2,9:00,18:57
u00026,2017,1,3,9:00,18:29
u00026,2017,1,4,9:00,19:44
u00026,2017,1,5,9:00,18:48
u00026,2017,1,6,9:00,19:24
u00026,2017,1,7,9:00,17:54
u00026,2017,1,8,9:00,17:30
u00026,2017,1,9,9:00,20:36
u00026,2017,1,10,9:00,21:13
u00026,2017,1,11,9:00,20:59
u00026,2017,1,12,9:00,18:32
u00026,2017,1,13,9:00,19:16
u00026,2017,1,14,9:00,19:03
u00026,2017,1,15,9:00,19:26
u00026,2017,1,16,9:00,17:41
u00026,2017,1,17,9:00,18:29
u00026,2017,1,18,9:00,19:54
u00026,2017,1,19,9:00,19:01
u00026,2017,1,20,9:00,17:37
u00026,2017,1,21,9:00,17:48
u00026,2017,1,22,9:00,20:04
u00026,2017,1,23,9:00,18:19
u00026,2017,1,24,9:00,17:31
u00026,2017,1,25,9:00,19:07
u00026,2017,1,26,9:00,20:45
u00026,2017,1,27,9:00,18:27
u00026,2017,1,28,9:00,20:09
u00026,2017,1,29,9:00,17:41
u00026,2017,1,30,9:00,18:33
u00026,2017,1,31,9:00,19:18
u00026,2017,2,1,9:00,17:36
u00026,2017,2,2,9:00,19:36
u00026,2017,2,3,9:00,19:31
u00026,2017,2,4,9:00,17:56
u00026,2017,2,5,9:00,18:43
u00026,2017,2,6,9:00,19:16
u00026,2017,2,7,9:00,19:34
u00026,2017,2,8,9:00,17:35
u00026,2017,2,9,9:00,18:00
u00026,2017,2,10,9:00,17:38
u00026,2017,2,11,9:00,18:45
u00026,2017,2,12,9:00,17:57
u00026,2017,2,13,9:00,20:45
u00026,2017,2,14,9:00,19:49
u00026,2017,2,15,9:00,18:48
u00026,2017,2,16,9:00,20:23
u00026,2017,2,17,9:00,20:20
u00026,2017,2,18,9:00,20:11
u00026,2017,2,19,9:00,18:59
u00026,2017,2,20,9:00,18:03
u00026,2017,2,21,9:00,18:44
u00026,2017,2,22,9:00,19:23
u00026,2017,2,23,9:00,18:50
u00026,2017,2,24,9:00,18:41
u00026,2017,2,25,9:00,18:44
u00026,2017,2,26,9:00,21:03
u00026,2017,2,27,9:00,18:46
u00026,2017,2,28,9:00,17:58
u00027,2017,1,1,9:00,18:54
u00027,2017,1,2,9:00,21:16
u00027,2017,1,3,9:00,18:55
u00027,2017,1,4,9:00,18:24
u00027,2017,1,5,9:00,19:11
u00027,2017,1,6,9:00,20:18
u00027,2017,1,7,9:00,18:15
u00027,2017,1,8,9:00,18:07
u00027,2017,1,9,9:00,18:07
u00027,2017,1,10,9:00,21:19
u00027,2017,1,11,9:00,17:45
u00027,2017,1,12,9:00,20:08
u00027,2017,1,13,9:00,21:09
u00027,2017,1,14,9:00,20:24
u00027,2017,1,15,9:00,20:40
u00027,2017,1,16,9:00,17:34
u00027,2017,1,17,9:00,21:25
u00027,2017,1,18,9:00,17:35
u00027,2017,1,19,9:00,20:37
u00027,2017,1,20,9:00,17:54
u00027,2017,1,21,9:00,21:12
u00027,2017,1,22,9:00,18:56
u00027,2017,1,23,9:00,19:55
u00027,2017,1,24,9:00,18:05
u00027,2017,1,25,9:00,17:48
u00027,2017,1,26,9:00,18:14
u00027,2017,1,27,9:00,18:32
u00027,2017,1,28,9:00,19:39
u00027,2017,1,29,9:00,20:16
u00027,2017,1,30,9:00,21:07
u00027,2017,1,31,9:00,18:16
u00027,2017,2,1,9:00,20:09
u00027,2017,2,2,9:00,18:25
u00027,2017,2,3,9:00,19:48
u00027,2017,2,4,9:00,20:41
u00027,2017,2,5,9:00,19:38
u00027,2017,2,6,9:00,20:52
u00027,2017,2,7,9:00,19:45
u00027,2017,2,8,9:00,18:26
u00027,2017,2,9,9:00,18:40
u00027,2017,2,10,9:00,18:02
u00027,2017,2,11,9:00,18:56
u00027,2017,2,12,9:00,18:24
u00027,2017,2,13,9:00,17:57
u00027,2017,2,14,9:00,21:15
u00027,2017,2,15,9:00,20:21
u00027,2017,2,16,9:00,19:46
u00027,2017,2,17,9:00,21:10
u00027,2017,2,18,9:00,21:14
u00027,2017,2,19,9:00,19:33
u00027,2017,2,20,9:00,17:54
u00027,2017,2,21,9:00,18:03
u00027,2017,2,22,9:00,20:04
u00027,2017,2,23,9:00,19:18
u00027,2017,2,24,9:00,21:08
u00027,2017,2,25,9:00,19:23
u00027,2017,2,26,9:00,19:14
u00027,2017,2,27,9:00,19:04
u00027,2017,2,28,9:00,20:04
u00028,2017,1,1,9:00,19:17
u00028,2017,1,2,9:00,21:23
u00028,2017,1,3,9:00,20:02
u00028,2017,1,4,9:00,20:15
u00028,2017,1,5,9:00,18:24
u00028,2017,1,6,9:00,18:33
u00028,2017,1,7,9:00,20:22
u00028,2017,1,8,9:00,20:06
u00028,2017,1,9,9:00,19:13
u00028,2017,1,10,9:00,21:08
u00028,2017,1,11,9:00,18:36
u00028,2017,1,12,9:00,17:36
u00028,2017,1,13,9:00,21:14
u00028,2017,1,14,9:00,20:21
u00028,2017,1,15,9:00,17:44
u00028,2017,1,16,9:00,18:46
u00028,2017,1,17,9:00,20:34
u00028,2017,1,18,9:00,18:34
u00028,2017,1,19,9:00,20:13
u00028,2017,1,20,9:00,20:27
u00028,2017,1,21,9:00,21:17
u00028,2017,1,22,9:00,18:22
u00028,2017,1,23,9:00,18:27
u00028,2017,1,24,9:00,19:43
u00028,2017,1,25,9:00,21:28
u00028,2017,1,26,9:00,21:11
u00028,2017,1,27,9:00,21:22
u00028,2017,1,28,9:00,21:17
u00028,2017,1,29,9:00,21:19
u00028,2017,1,30,9:00,17:54
u00028,2017,1,31,9:00,18:48
u00028,2017,2,1,9:00,20:47
u00028,2017,2,2,9:00,18:44
u00028,2017,2,3,9:00,19:59
u00028,2017,2,4,9:00,18:25
u00028,2017,2,5,9:00,18:59
u00028,2017,2,6,9:00,20:14
u00028,2017,2,7,9:00,20:40
u00028,2017,2,8,9:00,19:27
u00028,2017,2,9,9:00,19:18
u00028,2017,2,10,9:00,18:38
u00028,2017,2,11,9:00,18:12
u00028,2017,2,12,9:00,18:41
u00028,2017,2,13,9:00,17:44
u00028,2017,2,14,9:00,18:20
u00028,2017,2,15,9:00,18:14
u00028,2017,2,16,9:00,19:44
u00028,2017,2,17,9:00,20:41
u00028,2017,2,18,9:00,18:56
u00028,2017,2,19,9:00,19:02
u00028,2017,2,20,9:00,18:14
u00028,2017,2,21,9:00,18:34
u00028,2017,2,22,9:00,18:50
u00028,2017,2,23,9:00,20:38
u00028,2017,2,24,9:00,21:21
u00028,2017,2,25,9:00,17:36
u00028,2017,2,26,9:00,21:11
u00028,2017,2,27,9:00,18:20
u00028,2017,2,28,9:00,19:55
u00029,2017,1,1,9:00,17:49
u00029,2017,1,2,9:00,19:19
u00029,2017,1,3,9:00,18:08
u00029,2017,1,4,9:00,21:21
u00029,2017,1,5,9:00,21:02
u00029,2017,1,6,9:00,17:55
u00029,2017,1,7,9:00,18:43
u00029,2017,1,8,9:00,19:02
u00029,2017,1,9,9:00,17:46
u00029,2017,1,10,9:00,19:05
u00029,2017,1,11,9:00,18:50
u00029,2017,1,12,9:00,19:54
u00029,2017,1,13,9:00,20:48
u00029,2017,1,14,9:00,20:27
u00029,2017,1,15,9:00,18:17
u00029,2017,1,16,9:00,18:49
u00029,2017,1,17,9:00,21:14
u00029,2017,1,18,9:00,19:37
u00029,2017,1,19,9:00,18:44
u00029,2017,1,20,9:00,17:50
u00029,2017,1,21,9:00,20:07
u00029,2017,1,22,9:00,18:32
u00029,2017,1,23,9:00,19:00
u00029,2017,1,24,9:00,20:38
u00029,2017,1,25,9:00,18:23
u00029,2017,1,26,9:00,19:32
u00029,2017,1,27,9:00,20:08
u00029,2017,1,28,9:00,21:07
u00029,2017,1,29,9:00,20:11
u00029,2017,1,30,9:00,18:48
u00029,2017,1,31,9:00,18:45
u00029,2017,2,1,9:00,18:01
u00029,2017,2,2,9:00,17:42
u00029,2017,2,3,9:00,20:00
u00029,2017,2,4,9:00,18:32
u00029,2017,2,5,9:00,18:31
u00029,2017,2,6,9:00,19:37
u00029,2017,2,7,9:00,18:16
u00029,2017,2,8,9:00,20:05
u00029,2017,2,9,9:00,19:05
u00029,2017,2,10,9:00,18:23
u00029,2017,2,11,9:00,19:19
u00029,2017,2,12,9:00,21:21
u00029,2017,2,13,9:00,21:07
u00029,2017,2,14,9:00,17:36
u00029,2017,2,15,9:00,20:45
u00029,2017,2,16,9:00,19:21
u00029,2017,2,17,9:00,17:59
u00029,2017,2,18,9:00,18:28
u00029,2017,2,19,9:00,19:09
u00029,2017,2,20,9:00,19:47
u00029,2017,2,21,9:00,18:24
u00029,2017,2,22,9:00,18:17
u00029,2017,2,23,9:00,19:07
u00029,2017,2,24,9:00,20:41
u00029,2017,2,25,9:00,20:03
u00029,2017,2,26,9:00,20:01
u00029,2017,2,27,9:00,19:16
u00029,2017,2,28,9:00,19:26
u00030,2017,1,1,9:00,20:55
u00030,2017,1,2,9:00,20:57
u00030,2017,1,3,9:00,20:23
u00030,2017,1,4,9:00,17:31
u00030,2017,1,5,9:00,18:35
u00030,2017,1,6,9:00,20:11
u00030,2017,1,7,9:00,18:01
u00030,2017,1,8,9:00,19:57
u00030,2017,1,9,9:00,19:44
u00030,2017,1,10,9:00,20:25
u00030,2017,1,11,9:00,20:14
u00030,2017,1,12,9:00,20:55
u00030,2017,1,13,9:00,17:39
u00030,2017,1,14,9:00,20:54
u00030,2017,1,15,9:00,19:33
u00030,2017,1,16,9:00,18:03
u00030,2017,1,17,9:00,19:32
u00030,2017,1,18,9:00,19:35
u00030,2017,1,19,9:00,19:04
u00030,2017,1,20,9:00,21:23
u00030,2017,1,21,9:00,18:07
u00030,2017,1,22,9:00,21:22
u00030,2017,1,23,9:00,20:00
u00030,2017,1,24,9:00,21:01
u00030,2017,1,25,9:00,20:37
u00030,2017,1,26,9:00,18:35
u00030,2017,1,27,9:00,20:54
u00030,2017,1,28,9:00,21:13
u00030,2017,1,29,9:00,20:21
u00030,2017,1,30,9:00,19:01
u00030,2017,1,31,9:00,19:42
u00030,2017,2,1,9:00,20:05
u00030,2017,2,2,9:00,20:26
u00030,2017,2,3,9:00,17:54
u00030,2017,2,4,9:00,18:26
u00030,2017,2,5,9:00,18:04
u00030,2017,2,6,9:00,21:02
u00030,2017,2,7,9:00,18:59
u00030,2017,2,8,9:00,19:49
u00030,2017,2,9,9:00,21:24
u00030,2017,2,10,9:00,19:32
u00030,2017,2,11,9:00,18:44
u00030,2017,2,12,9:00,19:49
u00030,2017,2,13,9:00,18:47
u00030,2017,2,14,9:00,17:31
u00030,2017,2,15,9:00,21:06
u00030,2017,2,16,9:00,19:50
u00030,2017,2,17,9:00,20:40
u00030,2017,2,18,9:00,20:26
u00030,2017,2,19,9:00,19:30
u00030,2017,2,20,9:00,19:28
u00030,2017,2,21,9:00,19:07
u00030,2017,2,22,9:00,19:00
u00030,2017,2,23,9:00,20:01
u00030,2017,2,24,9:00,20:26
u00030,2017,2,25,9:00,21:16
u00030,2017,2,26,9:00,19:13
u00030,2017,2,27,9:00,21:16
u00030,2017,2,28,9:00,19:47
u00031,2017,1,1,9:00,20:26
u00031,2017,1,2,9:00,18:51
u00031,2017,1,3,9:00,21:26
u00031,2017,1,4,9:00,19:52
u00031,2017,1,5,9:00,20:09
u00031,2017,1,6,9:00,19:15
u00031,2017,1,7,9:00,20:54
u00031,2017,1,8,9:00,18:48
u00031,2017,1,9,9:00,17:31
u00031,2017,1,10,9:00,20:57
u00031,2017,1,11,9:00,21:24
u00031,2017,1,12,9:00,21:16
u00031,2017,1,13,9:00,17:49
u00031,2017,1,14,9:00,19:39
u00031,2017,1,15,9:00,18:30
u00031,2017,1,16,9:00,17:49
u00031,2017,1,17,9:00,18:23
u00031,2017,1,18,9:00,19:00
u00031,2017,1,19,9:00,18:13
u00031,2017,1,20,9:00,20:27
u00031,2017,1,21,9:00,17:53
u00031,2017,1,22,9:00,17:58
u00031,2017,1,23,9:00,18:54
u00031,2017,1,24,9:00,20:48
u00031,2017,1,25,9:00,20:48
u00031,2017,1,26,9:00,21:23
u00031,2017,1,27,9:00,21:03
u00031,2017,1,28,9:00,20:30
u00031,2017,1,29,9:00,17:31
u00031,2017,1,30,9:00,17:44
u00031,2017,1,31,9:00,20:30
u00031,2017,2,1,9:00,20:56
u00031,2017,2,2,9:00,19:01
u00031,2017,2,3,9:00,21:25
u00031,2017,2,4,9:00,20:35
u00031,2017,2,5,9:00,20:22
u00031,2017,2,6,9:00,19:59
u00031,2017,2,7,9:00,19:22
u00031,2017,2,8,9:00,21:15
u00031,2017,2,9,9:00,19:09
u00031,2017,2,10,9:00,18:56
u00031,2017,2,11,9:00,21:20
u00031,2017,2,12,9:00,19:36
u00031,2017,2,13,9:00,21:17
u00031,2017,2,14,9:00,19:17
u00031,2017,2,15,9:00,18:01
u00031,2017,2,16,9:00,18:56
u00031,2017,2,17,9:00,19:28
u00031,2017,2,18,9:00,18:09
u00031,2017,2,19,9:00,20:36
u00031,2017,2,20,9:00,20:02
u00031,2017,2,21,9:00,20:39
u00031,2017,2,22,9:00,20:57
u00031,2017,2,23,9:00,18:55
u00031,2017,2,24,9:00,19:24
u00031,2017,2,25,9:00,17:51
u00031,2017,2,26,9:00,19:42
u00031,2017,2,27,9:00,18:45
u00031,2017,2,28,9:00,19:49
u00032,2017,1,1,9:00,20:32
u00032,2017,1,2,9:00,18:16
u00032,2017,1,3,9:00,18:08
u00032,2017,1,4,9:00,20:35
u00032,2017,1,5,9:00,19:50
u00032,2017,1,6,9:00,20:47
u00032,2017,1,7,9:00,20:48
u00032,2017,1,8,9:00,21:12
u00032,2017,1,9,9:00,21:19
u00032,2017,1,10,9:00,17:52
u00032,2017,1,11,9:00,20:25
u00032,2017,1,12,9:00,17:54
u00032,2017,1,13,9:00,18:39
u00032,2017,1,14,9:00,18:44
u00032,2017,1,15,9:00,20:05
u00032,2017,1,16,9:00,19:42
u00032,2017,1,17,9:00,18:36
u00032,2017,1,18,9:00,19:15
u00032,2017,1,19,9:00,20:57
u00032,2017,1,20,9:00,19:59
u00032,2017,1,21,9:00,17:49
u00032,2017,1,22,9:00,19:15
u00032,2017,1,23,9:00,17:44
u00032,2017,1,24,9:00,20:47
u00032,2017,1,25,9:00,17:32
u00032,2017,1,26,9:00,21:09
u00032,2017,1,27,9:00,19:32
u00032,2017,1,28,9:00,19:05
u00032,2017,1,29,9:00,17:57
u00032,2017,1,30,9:00,20:07
u00032,2017,1,31,9:00,19:11
u00032,2017,2,1,9:00,21:04
u00032,2017,2,2,9:00,20:17
u00032,2017,2,3,9:00,19:12
u00032,2017,2,4,9:00,19:15
u00032,2017,2,5,9:00,19:01
u00032,2017,2,6,9:00,20:04
u00032,2017,2,7,9:00,18:05
u00032,2017,2,8,9:00,17:54
u00032,2017,2,9,9:00,17:58
u00032,2017,2,10,9:00,19:29
u00032,2017,2,11,9:00,19:52
u00032,2017,2,12,9:00,20:16
u00032,2017,2,13,9:00,20:35
u00032,2017,2,14,9:00,20:11
u00032,2017,2,15,9:00,18:42
u00032,2017,2,16,9:00,18:50
u00032,2017,2,17,9:00,19:34
u00032,2017,2,18,9:00,20:32
u00032,2017,2,19,9:00,20:15
u00032,2017,2,20,9:00,18:49
u00032,2017,2,21,9:00,19:51
u00032,2017,2,22,9:00,17:33
u00032,2017,2,23,9:00,21:01
u00032,2017,2,24,9:00,20:47
u00032,2017,2,25,9:00,18:38
u00032,2017,2,26,9:00,18:04
u00032,2017,2,27,9:00,17:53
u00032,2017,2,28,9:00,19:10
u00033,2017,1,1,9:00,17:57
u00033,2017,1,2,9:00,18:12
u00033,2017,1,3,9:00,19:55
u00033,2017,1,4,9:00,17:49
u00033,2017,1,5,9:00,20:02
u00033,2017,1,6,9:00,19:24
u00033,2017,1,7,9:00,19:07
u00033,2017,1,8,9:00,18:11
u00033,2017,1,9,9:00,18:06
u00033,2017,1,10,9:00,19:30
u00033,2017,1,11,9:00,18:40
u00033,2017,1,12,9:00,18:50
u00033,2017,1,13,9:00,18:41
u00033,2017,1,14,9:00,21:03
u00033,2017,1,15,9:00,17:35
u00033,2017,1,16,9:00,19:38
u00033,2017,1,17,9:00,19:33
u00033,2017,1,18,9:00,20:37
u00033,2017,1,19,9:00,21:26
u00033,2017,1,20,9:00,21:15
u00033,2017,1,21,9:00,18:17
u00033,2017,1,22,9:00,21:16
u00033,2017,1,23,9:00,21:14
u00033,2017,1,24,9:00,21:29
u00033,2017,1,25,9:00,19:49
u00033,2017,1,26,9:00,20:53
u00033,2017,1,27,9:00,21:10
u00033,2017,1,28,9:00,21:03
u00033,2017,1,29,9:00,20:54
u00033,2017,1,30,9:00,19:40
u00033,2017,1,31,9:00,20:18
u00033,2017,2,1,9:00,18:27
u00033,2017,2,2,9:00,18:24
u00033,2017,2,3,9:00,17:54
u00033,2017,2,4,9:00,19:32
u00033,2017,2,5,9:00,18:14
u00033,2017,2,6,9:00,17:38
u00033,2017,2,7,9:00,20:27
u00033,2017,2,8,9:00,20:09
u00033,2017,2,9,9:00,18:04
u00033,2017,2,10,9:00,17:44
u00033,2017,2,11,9:00,18:36
u00033,2017,2,12,9:00,18:38
u00033,2017,2,13,9:00,18:29
u00033,2017,2,14,9:00,20:54
u00033,2017,2,15,9:00,20:00
u00033,2017,2,16,9:00,17:48
u00033,2017,2,17,9:00,19:02
u00033,2017,2,18,9:00,21:28
u00033,2017,2,19,9:00,20:59
u00033,2017,2,20,9:00,20:59
u00033,2017,2,21,9:00,20:36
u00033,2017,2,22,9:00,20:35
u00033,2017,2,23,9:00,18:39
u00033,2017,2,24,9:00,19:25
u00033,2017,2,25,9:00,20:16
u00033,2017,2,26,9:00,17:43
u00033,2017,2,27,9:00,17:47
u00033,2017,2,28,9:00,17:53
u00034,2017,1,1,9:00,20:27
u00034,2017,1,2,9:00,19:45
u00034,2017,1,3,9:00,18:29
u00034,2017,1,4,9:00,20:02
u00034,2017,1,5,9:00,18:45
u00034,2017,1,6,9:00,19:08
u00034,2017,1,7,9:00,19:19
u00034,2017,1,8,9:00,20:33
u00034,2017,1,9,9:00,18:05
u00034,2017,1,10,9:00,20:39
u00034,2017,1,11,9:00,17:51
u00034,2017,1,12,9:00,19:57
u00034,2017,1,13,9:00,20:37
u00034,2017,1,14,9:00,18:03
u00034,2017,1,15,9:00,20:38
u00034,2017,1,16,9:00,18:07
u00034,2017,1,17,9:00,20:37
u00034,2017,1,18,9:00,19:28
u00034,2017,1,19,9:00,19:32
u00034,2017,1,20,9:00,17:48
u00034,2017,1,21,9:00,19:16
u00034,2017,1,22,9:00,19:02
u00034,2017,1,23,9:00,17:42
u00034,2017,1,24,9:00,21:13
u00034,2017,1,25,9:00,18:58
u00034,2017,1,26,9:00,18:33
u00034,2017,1,27,9:00,20:31
u00034,2017,1,28,9:00,19:32
u00034,2017,1,29,9:00,19:34
u00034,2017,1,30,9:00,19:20
u00034,2017,1,31,9:00,20:05
u00034,2017,2,1,9:00,20:26
u00034,2017,2,2,9:00,21:07
u00034,2017,2,3,9:00,20:45
u00034,2017,2,4,9:00,19:32
u00034,2017,2,5,9:00,20:28
u00034,2017,2,6,9:00,19:07
u00034,2017,2,7,9:00,18:26
u00034,2017,2,8,9:00,21:03
u00034,2017,2,9,9:00,17:43
u00034,2017,2,10,9:00,17:50
u00034,2017,2,11,9:00,20:02
u00034,2017,2,12,9:00,17:39
u00034,2017,2,13,9:00,17:35
u00034,2017,2,14,9:00,19:29
u00034,2017,2,15,9:00,20:43
u00034,2017,2,16,9:00,20:08
u00034,2017,2,17,9:00,17:54
u00034,2017,2,18,9:00,20:52
u00034,2017,2,19,9:00,18:04
u00034,2017,2,20,9:00,21:16
u00034,2017,2,21,9:00,21:05
u00034,2017,2,22,9:00,19:05
u00034,2017,2,23,9:00,18:40
u00034,2017,2,24,9:00,20:58
u00034,2017,2,25,9:00,18:20
u00034,2017,2,26,9:00,20:31
u00034,2017,2,27,9:00,17:59
u00034,2017,2,28,9:00,20:56
u00035,2017,1,1,9:00,20:31
u00035,2017,1,2,9:00,17:33
u00035,2017,1,3,9:00,20:58
u00035,2017,1,4,9:00,18:20
u00035,2017,1,5,9:00,20:12
u00035,2017,1,6,9:00,19:59
u00035,2017,1,7,9:00,18:53
u00035,2017,1,8,9:00,20:08
u00035,2017,1,9,9:00,19:22
u00035,2017,1,10,9:00,20:02
u00035,2017,1,11,9:00,20:01
u00035,2017,1,12,9:00,20:04
u00035,2017,1,13,9:00,21:19
u00035,2017,1,14,9:00,20:06
u00035,2017,1,15,9:00,17:57
u00035,2017,1,16,9:00,18:48
u00035,2017,1,17,9:00,17:52
u00035,2017,1,18,9:00,19:16
u00035,2017,1,19,9:00,19:33
u00035,2017,1,20,9:00,18:30
u00035,2017,1,21,9:00,19:14
u00035,2017,1,22,9:00,20:13
u00035,2017,1,23,9:00,17:58
u00035,2017,1,24,9:00,17:37
u00035,2017,1,25,9:00,19:15
u00035,2017,1,26,9:00,19:05
u00035,2017,1,27,9:00,20:15
u00035,2017,1,28,9:00,21:17
u00035,2017,1,29,9:00,19:22
u00035,2017,1,30,9:00,17:30
u00035,2017,1,31,9:00,18:58
u00035,2017,2,1,9:00,20:43
u00035,2017,2,2,9:00,21:07
u00035,2017,2,3,9:00,17:42
u00035,2017,2,4,9:00,19:38
u00035,2017,2,5,9:00,19:32
u00035,2017,2,6,9:00,18:59
u00035,2017,2,7,9:00,20:51
u00035,2017,2,8,9:00,19:26
u00035,2017,2,9,9:00,19:43
u00035,2017,2,10,9:00,20:33
u00035,2017,2,11,9:00,21:00
u00035,2017,2,12,9:00,18:58
u00035,2017,2,13,9:00,18:05
u00035,2017,2,14,9:00,18:49
u00035,2017,2,15,9:00,19:58
u00035,2017,2,16,9:00,20:46
u00035,2017,2,17,9:00,18:04
u00035,2017,2,18,9:00,21:01
u00035,2017,2,19,9:00,19:28
u00035,2017,2,20,9:00,19:05
u00035,2017,2,21,9:00,21:20
u00035,2017,2,22,9:00,20:45
u00035,2017,2,23,9:00,18:02
u00035,2017,2,24,9:00,21:18
u00035,2017,2,25,9:00,20:10
u00035,2017,2,26,9:00,19:34
u00035,2017,2,27,9:00,20:59
u00035,2017,2,28,9:00,20:35
u00036,2017,1,1,9:00,21:25
u00036,2017,1,2,9:00,19:38
u00036,2017,1,3,9:00,20:49
u00036,2017,1,4,9:00,18:54
u00036,2017,1,5,9:00,17:44
u00036,2017,1,6,9:00,20:26
u00036,2017,1,7,9:00,17:45
u00036,2017,1,8,9:00,20:30
u00036,2017,1,9,9:00,20:10
u00036,2017,1,10,9:00,19:54
u00036,2017,1,11,9:00,19:21
u00036,2017,1,12,9:00,20:54
u00036,2017,1,13,9:00,21:19
u00036,2017,1,14,9:00,18:19
u00036,2017,1,15,9:00,21:07
u00036,2017,1,16,9:00,18:51
u00036,2017,1,17,9:00,18:44
u00036,2017,1,18,9:00,20:46
u00036,2017,1,19,9:00,19:46
u00036,2017,1,20,9:00,19:44
u00036,2017,1,21,9:00,18:01
u00036,2017,1,22,9:00,19:03
u00036,2017,1,23,9:00,18:35
u00036,2017,1,24,9:00,19:27
u00036,2017,1,25,9:00,20:56
u00036,2017,1,26,9:00,19:06
u00036,2017,1,27,9:00,19:28
u00036,2017,1,28,9:00,17:47
u00036,2017,1,29,9:00,20:46
u00036,2017,1,30,9:00,18:23
u00036,2017,1,31,9:00,19:38
u00036,2017,2,1,9:00,20:19
u00036,2017,2,2,9:00,18:21
u00036,2017,2,3,9:00,19:51
u00036,2017,2,4,9:00,17:39
u00036,2017,2,5,9:00,20:00
u00036,2017,2,6,9:00,19:29
u00036,2017,2,7,9:00,20:13
u00036,2017,2,8,9:00,19:23
u00036,2017,2,9,9:00,18:01
u00036,2017,2,10,9:00,20:16
u00036,2017,2,11,9:00,21:02
u00036,2017,2,12,9:00,20:07
u00036,2017,2,13,9:00,20:08
u00036,2017,2,14,9:00,20:22
u00036,2017,2,15,9:00,18:41
u00036,2017,2,16,9:00,18:22
u00036,2017,2,17,9:00,21:22
u00036,2017,2,18,9:00,20:12
u00036,2017,2,19,9:00,19:32
u00036,2017,2,20,9:00,17:35
u00036,2017,2,21,9:00,20:31
u00036,2017,2,22,9:00,17:50
u00036,2017,2,23,9:00,19:28
u00036,2017,2,24,9:00,21:02
u00036,2017,2,25,9:00,19:10
u00036,2017,2,26,9:00,19:27
u00036,2017,2,27,9:00,20:33
u00036,2017,2,28,9:00,20:06
u00037,2017,1,1,9:00,19:16
u00037,2017,1,2,9:00,19:53
u00037,2017,1,3,9:00,17:30
u00037,2017,1,4,9:00,20:25
u00037,2017,1,5,9:00,18:20
u00037,2017,1,6,9:00,18:48
u00037,2017,1,7,9:00,18:12
u00037,2017,1,8,9:00,19:37
u00037,2017,1,9,9:00,20:04
u00037,2017,1,10,9:00,21:01
u00037,2017,1,11,9:00,19:10
u00037,2017,1,12,9:00,20:09
u00037,2017,1,13,9:00,21:12
u00037,2017,1,14,9:00,19:30
u00037,2017,1,15,9:00,20:27
u00037,2017,1,16,9:00,18:06
u00037,2017,1,17,9:00,19:12
u00037,2017,1,18,9:00,20:04
u00037,2017,1,19,9:00,18:44
u00037,2017,1,20,9:00,19:07
u00037,2017,1,21,9:00,18:17
u00037,2017,1,22,9:00,17:31
u00037,2017,1,23,9:00,18:34
u00037,2017,1,24,9:00,18:07
u00037,2017,1,25,9:00,17:36
u00037,2017,1,26,9:00,18:28
u00037,2017,1,27,9:00,19:42
u00037,2017,1,28,9:00,21:25
u00037,2017,1,29,9:00,19:01
u00037,2017,1,30,9:00,19:58
u00037,2017,1,31,9:00,21:19
u00037,2017,2,1,9:00,21:25
u00037,2017,2,2,9:00,21:29
u00037,2017,2,3,9:00,18:47
u00037,2017,2,4,9:00,21:16
u00037,2017,2,5,9:00,19:20
u00037,2017,2,6,9:00,21:09
u00037,2017,2,7,9:00,19:12
u00037,2017,2,8,9:00,19:18
u00037,2017,2,9,9:00,20:48
u00037,2017,2,10,9:00,17:43
u00037,2017,2,11,9:00,19:07
u00037,2017,2,12,9:00,19:23
u00037,2017,2,13,9:00,20:51
u00037,2017,2,14,9:00,19:47
u00037,2017,2,15,9:00,21:23
u00037,2017,2,16,9:00,20:58
u00037,2017,2,17,9:00,18:30
u00037,2017,2,18,9:00,20:06
u00037,2017,2,19,9:00,19:27
u00037,2017,2,20,9:00,19:21
u00037,2017,2,21,9:00,18:44
u00037,2017,2,22,9:00,19:29
u00037,2017,2,23,9:00,20:03
u00037,2017,2,24,9:00,18:35
u00037,2017,2,25,9:00,18:08
u00037,2017,2,26,9:00,20:58
u00037,2017,2,27,9:00,17:49
u00037,2017,2,28,9:00,18:43
u00038,2017,1,1,9:00,20:39
u00038,2017,1,2,9:00,18:49
u00038,2017,1,3,9:00,19:19
u00038,2017,1,4,9:00,19:11
u00038,2017,1,5,9:00,19:11
u00038,2017,1,6,9:00,19:45
u00038,2017,1,7,9:00,20:32
u00038,2017,1,8,9:00,19:57
u00038,2017,1,9,9:00,19:43
u00038,2017,1,10,9:00,18:23
u00038,2017,1,11,9:00,20:03
u00038,2017,1,12,9:00,20:54
u00038,2017,1,13,9:00,20:57
u00038,2017,1,14,9:00,20:19
u00038,2017,1,15,9:00,19:48
u00038,2017,1,16,9:00,17:45
u00038,2017,1,17,9:00,18:54
u00038,2017,1,18,9:00,21:24
u00038,2017,1,19,9:00,17:59
u00038,2017,1,20,9:00,18:24
u00038,2017,1,21,9:00,19:53
u00038,2017,1,22,9:00,20:22
u00038,2017,1,23,9:00,21:24
u00038,2017,1,24,9:00,17:45
u00038,2017,1,25,9:00,19:22
u00038,2017,1,26,9:00,20:38
u00038,2017,1,27,9:00,17:53
u00038,2017,1,28,9:00,21:08
u00038,2017,1,29,9:00,18:33
u00038,2017,1,30,9:00,18:42
u00038,2017,1,31,9:00,21:02
u00038,2017,2,1,9:00,18:24
u00038,2017,2,2,9:00,18:50
u00038,2017,2,3,9:00,17:43
u00038,2017,2,4,9:00,18:08
u00038,2017,2,5,9:00,18:24
u00038,2017,2,6,9:00,17:56
u00038,2017,2,7,9:00,19:32
u00038,2017,2,8,9:00,18:14
u00038,2017,2,9,9:00,19:14
u00038,2017,2,10,9:00,18:51
u00038,2017,2,11,9:00,18:12
u00038,2017,2,12,9:00,17:49
u00038,2017,2,13,9:00,17:44
u00038,2017,2,14,9:00,20:15
u00038,2017,2,15,9:00,21:18
u00038,2017,2,16,9:00,18:08
u00038,2017,2,17,9:00,19:06
u00038,2017,2,18,9:00,18:23
u00038,2017,2,19,9:00,18:31
u00038,2017,2,20,9:00,18:58
u00038,2017,2,21,9:00,20:28
u00038,2017,2,22,9:00,18:49
u00038,2017,2,23,9:00,21:23
u00038,2017,2,24,9:00,20:12
u00038,2017,2,25,9:00,19:32
u00038,2017,2,26,9:00,19:24
u00038,2017,2,27,9:00,18:56
u00038,2017,2,28,9:00,19:51
u00039,2017,1,1,9:00,18:58
u00039,2017,1,2,9:00,18:03
u00039,2017,1,3,9:00,19:59
u00039,2017,1,4,9:00,18:42
u00039,2017,1,5,9:00,21:24
u00039,2017,1,6,9:00,19:38
u00039,2017,1,7,9:00,18:15
u00039,2017,1,8,9:00,18:22
u00039,2017,1,9,9:00,19:54
u00039,2017,1,10,9:00,19:32
u00039,2017,1,11,9:00,20:35
u00039,2017,1,12,9:00,21:20
u00039,2017,1,13,9:00,20:25
u00039,2017,1,14,9:00,20:17
u00039,2017,1,15,9:00,20:05
u00039,2017,1,16,9:00,18:04
u00039,2017,1,17,9:00,19:48
u00039,2017,1,18,9:00,21:03
u00039,2017,1,19,9:00,21:26
u00039,2017,1,20,9:00,20:14
u00039,2017,1,21,9:00,19:51
u00039,2017,1,22,9:00,20:18
u00039,2017,1,23,9:00,19:42
u00039,2017,1,24,9:00,20:51
u00039,2017,1,25,9:00,19:07
u00039,2017,1,26,9:00,19:31
u00039,2017,1,27,9:00,19:54
u00039,2017,1,28,9:00,19:08
u00039,2017,1,29,9:00,17:43
u00039,2017,1,30,9:00,19:45
u00039,2017,1,31,9:00,20:42
u00039,2017,2,1,9:00,19:10
u00039,2017,2,2,9:00,20:28
u00039,2017,2,3,9:00,17:54
u00039,2017,2,4,9:00,20:55
u00039,2017,2,5,9:00,21:21
u00039,2017,2,6,9:00,18:07
u00039,2017,2,7,9:00,17:36
u00039,2017,2,8,9:00,21:05
u00039,2017,2,9,9:00,19:51
u00039,2017,2,10,9:00,19:57
u00039,2017,2,11,9:00,21:29
u00039,2017,2,12,9:00,19:57
u00039,2017,2,13,9:00,19:51
u00039,2017,2,14,9:00,17:59
u00039,2017,2,15,9:00,18:38
u00039,2017,2,16,9:00,19:58
u00039,2017,2,17,9:00,20:31
u00039,2017,2,18,9:00,20:48
u00039,2017,2,19,9:00,19:09
u00039,2017,2,20,9:00,19:25
u00039,2017,2,21,9:00,20:53
u00039,2017,2,22,9:00,18:05
u00039,2017,2,23,9:00,20:43
u00039,2017,2,24,9:00,19:10
u00039,2017,2,25,9:00,19:48
u00039,2017,2,26,9:00,19:08
u00039,2017,2,27,9:00,20:40
u00039,2017,2,28,9:00,20:14
u00040,2017,1,1,9:00,18:12
u00040,2017,1,2,9:00,18:28
u00040,2017,1,3,9:00,20:00
u00040,2017,1,4,9:00,19:52
u00040,2017,1,5,9:00,18:14
u00040,2017,1,6,9:00,19:32
u00040,2017,1,7,9:00,19:15
u00040,2017,1,8,9:00,19:57
u00040,2017,1,9,9:00,17:51
u00040,2017,1,10,9:00,19:34
u00040,2017,1,11,9:00,20:23
u00040,2017,1,12,9:00,18:51
u00040,2017,1,13,9:00,21:17
u00040,2017,1,14,9:00,17:54
u00040,2017,1,15,9:00,17:40
u00040,2017,1,16,9:00,20:23
u00040,2017,1,17,9:00,21:07
u00040,2017,1,18,9:00,18:56
u00040,2017,1,19,9:00,17:36
u00040,2017,1,20,9:00,19:20
u00040,2017,1,21,9:00,18:50
u00040,2017,1,22,9:00,21:16
u00040,2017,1,23,9:00,19:38
u00040,2017,1,24,9:00,18:47
u00040,2017,1,25,9:00,19:20
u00040,2017,1,26,9:00,19:10
u00040,2017,1,27,9:00,17:40
u00040,2017,1,28,9:00,20:29
u00040,2017,1,29,9:00,20:27
u00040,2017,1,30,9:00,19:04
u00040,2017,1,31,9:00,18:16
u00040,2017,2,1,9:00,21:16
u00040,2017,2,2,9:00,21:29
u00040,2017,2,3,9:00,20:34
u00040,2017,2,4,9:00,17:41
u00040,2017,2,5,9:00,20:23
u00040,2017,2,6,9:00,20:00
u00040,2017,2,7,9:00,21:21
u00040,2017,2,8,9:00,19:35
u00040,2017,2,9,9:00,19:01
u00040,2017,2,10,9:00,19:11
u00040,2017,2,11,9:00,20:47
u00040,2017,2,12,9:00,20:01
u00040,2017,2,13,9:00,21:00
u00040,2017,2,14,9:00,19:16
u00040,2017,2,15,9:00,18:49
u00040,2017,2,16,9:00,20:19
u00040,2017,2,17,9:00,20:02
u00040,2017,2,18,9:00,18:27
u00040,2017,2,19,9:00,18:25
u00040,2017,2,20,9:00,18:59
u00040,2017,2,21,9:00,19:49
u00040,2017,2,22,9:00,17:34
u00040,2017,2,23,9:00,18:18
u00040,2017,2,24,9:00,18:40
u00040,2017,2,25,9:00,20:52
u00040,2017,2,26,9:00,21:08
u00040,2017,2,27,9:00,17:54
u00040,2017,2,28,9:00,20:44
u00041,2017,1,1,9:00,19:45
u00041,2017,1,2,9:00,18:54
u00041,2017,1,3,9:00,20:40
u00041,2017,1,4,9:00,19:16
u00041,2017,1,5,9:00,18:03
u00041,2017,1,6,9:00,18:26
u00041,2017,1,7,9:00,19:47
u00041,2017,1,8,9:00,19:19
u00041,2017,1,9,9:00,21:06
u00041,2017,1,10,9:00,20:40
u00041,2017,1,11,9:00,20:28
u00041,2017,1,12,9:00,19:21
u00041,2017,1,13,9:00,19:29
u00041,2017,1,14,9:00,21:29
u00041,2017,1,15,9:00,18:13
u00041,2017,1,16,9:00,19:03
u00041,2017,1,17,9:00,19:14
u00041,2017,1,18,9:00,20:14
u00041,2017,1,19,9:00,19:34
u00041,2017,1,20,9:00,17:56
u00041,2017,1,21,9:00,19:08
u00041,2017,1,22,9:00,18:44
u00041,2017,1,23,9:00,20:37
u00041,2017,1,24,9:00,20:20
u00041,2017,1,25,9:00,19:26
u00041,2017,1,26,9:00,19:50
u00041,2017,1,27,9:00,18:11
u00041,2017,1,28,9:00,19:25
u00041,2017,1,29,9:00,21:08
u00041,2017,1,30,9:00,20:33
u00041,2017,1,31,9:00,18:14
u00041,2017,2,1,9:00,19:14
u00041,2017,2,2,9:00,19:17
u00041,2017,2,3,9:00,18:56
u00041,2017,2,4,9:00,20:27
u00041,2017,2,5,9:00,19:18
u00041,2017,2,6,9:00,18:23
u00041,2017,2,7,9:00,17:40
u00041,2017,2,8,9:00,19:20
u00041,2017,2,9,9:00,20:19
u00041,2017,2,10,9:00,17:43
u00041,2017,2,11,9:00,21:26
u00041,2017,2,12,9:00,20:31
u00041,2017,2,13,9:00,18:03
u00041,2017,2,14,9:00,20:06
u00041,2017,2,15,9:00,19:42
u00041,2017,2,16,9:00,20:58
u00041,2017,2,17,9:00,20:38
u00041,2017,2,18,9:00,21:03
u00041,2017,2,19,9:00,18:25
u00041,2017,2,20,9:00,20:05
u00041,2017,2,21,9:00,18:42
u00041,2017,2,22,9:00,21:27
u00041,2017,2,23,9:00,21:11
u00041,2017,2,24,9:00,19:21
u00041,2017,2,25,9:00,20:53
u00041,2017,2,26,9:00,18:38
u00041,2017,2,27,9:00,18:41
u00041,2017,2,28,9:00,18:07
u00042,2017,1,1,9:00,20:01
u00042,2017,1,2,9:00,20:33
u00042,2017,1,3,9:00,18:46
u00042,2017,1,4,9:00,18:01
u00042,2017,1,5,9:00,20:38
u00042,2017,1,6,9:00,18:56
u00042,2017,1,7,9:00,19:09
u00042,2017,1,8,9:00,18:12
u00042,2017,1,9,9:00,18:17
u00042,2017,1,10,9:00,17:41
u00042,2017,1,11,9:00,20:58
u00042,2017,1,12,9:00,18:22
u00042,2017,1,13,9:00,19:45
u00042,2017,1,14,9:00,17:35
u00042,2017,1,15,9:00,20:54
u00042,2017,1,16,9:00,19:53
u00042,2017,1,17,9:00,20:17
u00042,2017,1,18,9:00,18:29
u00042,2017,1,19,9:00,18:31
u00042,2017,1,20,9:00,17:46
u00042,2017,1,21,9:00,19:06
u00042,2017,1,22,9:00,18:36
u00042,2017,1,23,9:00,19:57
u00042,2017,1,24,9:00,18:47
u00042,2017,1,25,9:00,19:38
u00042,2017,1,26,9:00,19:28
u00042,2017,1,27,9:00,20:07
u00042,2017,1,28,9:00,19:28
u00042,2017,1,29,9:00,19:16
u00042,2017,1,30,9:00,21:08
u00042,2017,1,31,9:00,18:00
u00042,2017,2,1,9:00,18:26
u00042,2017,2,2,9:00,20:23
u00042,2017,2,3,9:00,20:29
u00042,2017,2,4,9:00,18:11
u00042,2017,2,5,9:00,18:27
u00042,2017,2,6,9:00,21:09
u00042,2017,2,7,9:00,20:20
u00042,2017,2,8,9:00,18:56
u00042,2017,2,9,9:00,21:16
u00042,2017,2,10,9:00,17:59
u00042,2017,2,11,9:00,17:53
u00042,2017,2,12,9:00,19:56
u00042,2017,2,13,9:00,19:24
u00042,2017,2,14,9:00,19:52
u00042,2017,2,15,9:00,20:18
u00042,2017,2,16,9:00,20:21
u00042,2017,2,17,9:00,21:06
u00042,2017,2,18,9:00,19:09
u00042,2017,2,19,9:00,20:01
u00042,2017,2,20,9:00,20:42
u00042,2017,2,21,9:00,17:48
u00042,2017,2,22,9:00,21:26
u00042,2017,2,23,9:00,18:15
u00042,2017,2,24,9:00,18:08
u00042,2017,2,25,9:00,19:58
u00042,2017,2,26,9:00,20:14
u00042,2017,2,27,9:00,17:34
u00042,2017,2,28,9:00,21:26
u00043,2017,1,1,9:00,21:19
u00043,2017,1,2,9:00,18:45
u00043,2017,1,3,9:00,18:18
u00043,2017,1,4,9:00,21:18
u00043,2017,1,5,9:00,18:02
u00043,2017,1,6,9:00,17:45
u00043,2017,1,7,9:00,20:56
u00043,2017,1,8,9:00,20:44
u00043,2017,1,9,9:00,17:34
u00043,2017,1,10,9:00,19:01
u00043,2017,1,11,9:00,21:18
u00043,2017,1,12,9:00,17:30
u00043,2017,1,13,9:00,19:15
u00043,2017,1,14,9:00,20:28
u00043,2017,1,15,9:00,20:27
u00043,2017,1,16,9:00,20:51
u00043,2017,1,17,9:00,20:37
u00043,2017,1,18,9:00,17:45
u00043,2017,1,19,9:00,20:08
u00043,2017,1,20,9:00,18:56
u00043,2017,1,21,9:00,21:03
u00043,2017,1,22,9:00,20:56
u00043,2017,1,23,9:00,20:38
u00043,2017,1,24,9:00,20:04
u00043,2017,1,25,9:00,19:39
u00043,2017,1,26,9:00,21:13
u00043,2017,1,27,9:00,20:35
u00043,2017,1,28,9:00,18:39
u00043,2017,1,29,9:00,19:55
u00043,2017,1,30,9:00,19:08
u00043,2017,1,31,9:00,18:23
u00043,2017,2,1,9:00,21:15
u00043,2017,2,2,9:00,19:59
u00043,2017,2,3,9:00,20:50
u00043,2017,2,4,9:00,20:31
u00043,2017,2,5,9:00,17:51
u00043,2017,2,6,9:00,19:53
u00043,2017,2,7,9:00,17:55
u00043,2017,2,8,9:00,20:27
u00043,2017,2,9,9:00,19:55
u00043,2017,2,10,9:00,20:01
u00043,2017,2,11,9:00,18:47
u00043,2017,2,12,9:00,17:56
u00043,2017,2,13,9:00,17:55
u00043,2017,2,14,9:00,18:21
u00043,2017,2,15,9:00,19:12
u00043,2017,2,16,9:00,19:18
u00043,2017,2,17,9:00,17:56
u00043,2017,2,18,9:00,19:50
u00043,2017,2,19,9:00,18:15
u00043,2017,2,20,9:00,17:32
u00043,2017,2,21,9:00,18:39
u00043,2017,2,22,9:00,18:25
u00043,2017,2,23,9:00,19:40
u00043,2017,2,24,9:00,18:12
u00043,2017,2,25,9:00,18:55
u00043,2017,2,26,9:00,21:12
u00043,2017,2,27,9:00,19:55
u00043,2017,2,28,9:00,19:27
u00044,2017,1,1,9:00,19:39
u00044,2017,1,2,9:00,18:06
u00044,2017,1,3,9:00,17:44
u00044,2017,1,4,9:00,20:13
u00044,2017,1,5,9:00,19:15
u00044,2017,1,6,9:00,19:52
u00044,2017,1,7,9:00,18:35
u00044,2017,1,8,9:00,19:04
u00044,2017,1,9,9:00,20:43
u00044,2017,1,10,9:00,20:23
u00044,2017,1,11,9:00,17:37
u00044,2017,1,12,9:00,18:27
u00044,2017,1,13,9:00,20:18
u00044,2017,1,14,9:00,21:28
u00044,2017,1,15,9:00,18:59
u00044,2017,1,16,9:00,18:57
u00044,2017,1,17,9:00,20:01
u00044,2017,1,18,9:00,20:02
u00044,2017,1,19,9:00,21:00
u00044,2017,1,20,9:00,19:44
u00044,2017,1,21,9:00,18:49
u00044,2017,1,22,9:00,21:18
u00044,2017,1,23,9:00,20:09
u00044,2017,1,24,9:00,18:30
u00044,2017,1,25,9:00,18:16
u00044,2017,1,26,9:00,21:01
u00044,2017,1,27,9:00,17:44
u00044,2017,1,28,9:00,20:26
u00044,2017,1,29,9:00,19:52
u00044,2017,1,30,9:00,19:55
u00044,2017,1,31,9:00,19:23
u00044,2017,2,1,9:00,20:25
u00044,2017,2,2,9:00,19:59
u00044,2017,2,3,9:00,18:45
u00044,2017,2,4,9:00,19:01
u00044,2017,2,5,9:00,18:26
u00044,2017,2,6,9:00,21:07
u00044,2017,2,7,9:00,17:30
u00044,2017,2,8,9:00,20:33
u00044,2017,2,9,9:00,19:41
u00044,2017,2,10,9:00,20:34
u00044,2017,2,11,9:00,19:15
u00044,2017,2,12,9:00,18:22
u00044,2017,2,13,9:00,18:43
u00044,2017,2,14,9:00,21:06
u00044,2017,2,15,9:00,18:52
u00044,2017,2,16,9:00,18:21
u00044,2017,2,17,9:00,18:56
u00044,2017,2,18,9:00,20:51
u00044,2017,2,19,9:00,17:54
u00044,2017,2,20,9:00,17:55
u00044,2017,2,21,9:00,18:32
u00044,2017,2,22,9:00,21:10
u00044,2017,2,23,9:00,18:51
u00044,2017,2,24,9:00,19:43
u00044,2017,2,25,9:00,18:29
u00044,2017,2,26,9:00,18:02
u00044,2017,2,27,9:00,17:31
u00044,2017,2,28,9:00,19:49
u00045,2017,1,1,9:00,20:14
u00045,2017,1,2,9:00,18:03
u00045,2017,1,3,9:00,21:18
u00045,2017,1,4,9:00,19:03
u00045,2017,1,5,9:00,18:26
u00045,2017,1,6,9:00,18:36
u00045,2017,1,7,9:00,20:59
u00045,2017,1,8,9:00,19:15
u00045,2017,1,9,9:00,21:28
u00045,2017,1,10,9:00,21:20
u00045,2017,1,11,9:00,18:33
u00045,2017,1,12,9:00,19:41
u00045,2017,1,13,9:00,18:27
u00045,2017,1,14,9:00,20:23
u00045,2017,1,15,9:00,20:40
u00045,2017,1,16,9:00,19:49
u00045,2017,1,17,9:00,20:34
u00045,2017,1,18,9:00,19:50
u00045,2017,1,19,9:00,18:16
u00045,2017,1,20,9:00,17:39
u00045,2017,1,21,9:00,21:27
u00045,2017,1,22,9:00,19:03
u00045,2017,1,23,9:00,20:04
u00045,2017,1,24,9:00,17:45
u00045,2017,1,25,9:00,18:17
u00045,2017,1,26,9:00,20:30
u00045,2017,1,27,9:00,20:32
u00045,2017,1,28,9:00,20:19
u00045,2017,1,29,9:00,18:17
u00045,2017,1,30,9:00,20:39
u00045,2017,1,31,9:00,20:24
u00045,2017,2,1,9:00,21:08
u00045,2017,2,2,9:00,21:00
u00045,2017,2,3,9:00,19:51
u00045,2017,2,4,9:00,19:50
u00045,2017,2,5,9:00,17:58
u00045,2017,2,6,9:00,20:51
u00045,2017,2,7,9:00,20:57
u00045,2017,2,8,9:00,17:41
u00045,2017,2,9,9:00,18:32
u00045,2017,2,10,9:00,20:23
u00045,2017,2,11,9:00,20:07
u00045,2017,2,12,9:00,19:54
u00045,2017,2,13,9:00,20:51
u00045,2017,2,14,9:00,19:03
u00045,2017,2,15,9:00,20:51
u00045,2017,2,16,9:00,17:54
u00045,2017,2,17,9:00,19:00
u00045,2017,2,18,9:00,20:22
u00045,2017,2,19,9:00,18:47
u00045,2017,2,20,9:00,19:53
u00045,2017,2,21,9:00,21:05
u00045,2017,2,22,9:00,19:27
u00045,2017,2,23,9:00,18:31
u00045,2017,2,24,9:00,19:47
u00045,2017,2,25,9:00,18:46
u00045,2017,2,26,9:00,18:24
u00045,2017,2,27,9:00,18:10
u00045,2017,2,28,9:00,18:55
u00046,2017,1,1,9:00,17:36
u00046,2017,1,2,9:00,17:34
u00046,2017,1,3,9:00,20:27
u00046,2017,1,4,9:00,21:28
u00046,2017,1,5,9:00,19:07
u00046,2017,1,6,9:00,20:09
u00046,2017,1,7,9:00,21:28
u00046,2017,1,8,9:00,18:50
u00046,2017,1,9,9:00,19:33
u00046,2017,1,10,9:00,20:24
u00046,2017,1,11,9:00,19:25
u00046,2017,1,12,9:00,18:04
u00046,2017,1,13,9:00,19:39
u00046,2017,1,14,9:00,19:09
u00046,2017,1,15,9:00,20:53
u00046,2017,1,16,9:00,19:30
u00046,2017,1,17,9:00,17:56
u00046,2017,1,18,9:00,18:37
u00046,2017,1,19,9:00,20:48
u00046,2017,1,20,9:00,20:22
u00046,2017,1,21,9:00,20:18
u00046,2017,1,22,9:00,19:42
u00046,2017,1,23,9:00,18:30
u00046,2017,1,24,9:00,20:53
u00046,2017,1,25,9:00,20:47
u00046,2017,1,26,9:00,19:50
u00046,2017,1,27,9:00,20:05
u00046,2017,1,28,9:00,19:55
u00046,2017,1,29,9:00,19:21
u00046,2017,1,30,9:00,20:17
u00046,2017,1,31,9:00,17:49
u00046,2017,2,1,9:00,18:09
u00046,2017,2,2,9:00,20:29
u00046,2017,2,3,9:00,18:53
u00046,2017,2,4,9:00,20:31
u00046,2017,2,5,9:00,21:00
u00046,2017,2,6,9:00,17:33
u00046,2017,2,7,9:00,19:41
u00046,2017,2,8,9:00,20:12
u00046,2017,2,9,9:00,18:49
u00046,2017,2,10,9:00,19:37
u00046,2017,2,11,9:00,18:34
u00046,2017,2,12,9:00,18:26
u00046,2017,2,13,9:00,21:08
u00046,2017,2,14,9:00,21:21
u00046,2017,2,15,9:00,19:27
u00046,2017,2,16,9:00,21:16
u00046,2017,2,17,9:00,18:24
u00046,2017,2,18,9:00,18:04
u00046,2017,2,19,9:00,19:25
u00046,2017,2,20,9:00,19:42
u00046,2017,2,21,9:00,20:45
u00046,2017,2,22,9:00,18:33
u00046,2017,2,23,9:00,17:32
u00046,2017,2,24,9:00,20:44
u00046,2017,2,25,9:00,20:01
u00046,2017,2,26,9:00,19:55
u00046,2017,2,27,9:00,21:09
u00046,2017,2,28,9:00,20:12
u00047,2017,1,1,9:00,20:47
u00047,2017,1,2,9:00,18:56
u00047,2017,1,3,9:00,21:25
u00047,2017,1,4,9:00,19:22
u00047,2017,1,5,9:00,20:08
u00047,2017,1,6,9:00,20:01
u00047,2017,1,7,9:00,21:21
u00047,2017,1,8,9:00,19:52
u00047,2017,1,9,9:00,20:35
u00047,2017,1,10,9:00,18:08
u00047,2017,1,11,9:00,18:23
u00047,2017,1,12,9:00,18:12
u00047,2017,1,13,9:00,19:52
u00047,2017,1,14,9:00,17:37
u00047,2017,1,15,9:00,19:39
u00047,2017,1,16,9:00,21:18
u00047,2017,1,17,9:00,17:30
u00047,2017,1,18,9:00,19:47
u00047,2017,1,19,9:00,18:17
u00047,2017,1,20,9:00,20:03
u00047,2017,1,21,9:00,20:09
u00047,2017,1,22,9:00,20:11
u00047,2017,1,23,9:00,18:44
u00047,2017,1,24,9:00,21:03
u00047,2017,1,25,9:00,21:01
u00047,2017,1,26,9:00,17:55
u00047,2017,1,27,9:00,18:23
u00047,2017,1,28,9:00,20:04
u00047,2017,1,29,9:00,20:28
u00047,2017,1,30,9:00,18:19
u00047,2017,1,31,9:00,21:04
u00047,2017,2,1,9:00,20:07
u00047,2017,2,2,9:00,20:18
u00047,2017,2,3,9:00,17:34
u00047,2017,2,4,9:00,20:45
u00047,2017,2,5,9:00,21:05
u00047,2017,2,6,9:00,21:10
u00047,2017,2,7,9:00,18:57
u00047,2017,2,8,9:00,18:10
u00047,2017,2,9,9:00,18:41
u00047,2017,2,10,9:00,18:13
u00047,2017,2,11,9:00,20:48
u00047,2017,2,12,9:00,20:44
u00047,2017,2,13,9:00,20:56
u00047,2017,2,14,9:00,19:39
u00047,2017,2,15,9:00,18:59
u00047,2017,2,16,9:00,20:46
u00047,2017,2,17,9:00,19:20
u00047,2017,2,18,9:00,18:12
u00047,2017,2,19,9:00,19:06
u00047,2017,2,20,9:00,18:20
u00047,2017,2,21,9:00,20:14
u00047,2017,2,22,9:00,19:40
u00047,2017,2,23,9:00,19:33
u00047,2017,2,24,9:00,20:25
u00047,2017,2,25,9:00,17:57
u00047,2017,2,26,9:00,18:33
u00047,2017,2,27,9:00,20:23
u00047,2017,2,28,9:00,19:43
u00048,2017,1,1,9:00,21:12
u00048,2017,1,2,9:00,17:40
u00048,2017,1,3,9:00,20:50
u00048,2017,1,4,9:00,17:40
u00048,2017,1,5,9:00,19:51
u00048,2017,1,6,9:00,20:17
u00048,2017,1,7,9:00,19:00
u00048,2017,1,8,9:00,18:04
u00048,2017,1,9,9:00,17:49
u00048,2017,1,10,9:00,21:13
u00048,2017,1,11,9:00,20:13
u00048,2017,1,12,9:00,18:31
u00048,2017,1,13,9:00,20:48
u00048,2017,1,14,9:00,18:11
u00048,2017,1,15,9:00,20:04
u00048,2017,1,16,9:00,19:38
u00048,2017,1,17,9:00,20:03
u00048,2017,1,18,9:00,19:21
u00048,2017,1,19,9:00,20:58
u00048,2017,1,20,9:00,18:18
u00048,2017,1,21,9:00,20:20
u00048,2017,1,22,9:00,20:08
u00048,2017,1,23,9:00,18:38
u00048,2017,1,24,9:00,20:42
u00048,2017,1,25,9:00,19:35
u00048,2017,1,26,9:00,17:40
u00048,2017,1,27,9:00,20:16
u00048,2017,1,28,9:00,21:16
u00048,2017,1,29,9:00,20:30
u00048,2017,1,30,9:00,18:05
u00048,2017,1,31,9:00,19:57
u00048,2017,2,1,9:00,20:44
u00048,2017,2,2,9:00,19:10
u00048,2017,2,3,9:00,18:49
u00048,2017,2,4,9:00,19:22
u00048,2017,2,5,9:00,18:46
u00048,2017,2,6,9:00,17:35
u00048,2017,2,7,9:00,20:48
u00048,2017,2,8,9:00,19:36
u00048,2017,2,9,9:00,20:39
u00048,2017,2,10,9:00,17:51
u00048,2017,2,11,9:00,19:56
u00048,2017,2,12,9:00,19:11
u00048,2017,2,13,9:00,20:32
u00048,2017,2,14,9:00,19:58
u00048,2017,2,15,9:00,20:45
u00048,2017,2,16,9:00,21:17
u00048,2017,2,17,9:00,19:21
u00048,2017,2,18,9:00,18:14
u00048,2017,2,19,9:00,17:34
u00048,2017,2,20,9:00,20:34
u00048,2017,2,21,9:00,19:10
u00048,2017,2,22,9:00,17:40
u00048,2017,2,23,9:00,18:27
u00048,2017,2,24,9:00,18:09
u00048,2017,2,25,9:00,19:38
u00048,2017,2,26,9:00,19:15
u00048,2017,2,27,9:00,18:01
u00048,2017,2,28,9:00,19:16
u00049,2017,1,1,9:00,18:46
u00049,2017,1,2,9:00,20:03
u00049,2017,1,3,9:00,17:58
u00049,2017,1,4,9:00,19:08
u00049,2017,1,5,9:00,20:33
u00049,2017,1,6,9:00,18:25
u00049,2017,1,7,9:00,17:50
u00049,2017,1,8,9:00,19:14
u00049,2017,1,9,9:00,18:58
u00049,2017,1,10,9:00,18:14
u00049,2017,1,11,9:00,18:37
u00049,2017,1,12,9:00,18:13
u00049,2017,1,13,9:00,17:40
u00049,2017,1,14,9:00,18:27
u00049,2017,1,15,9:00,19:47
u00049,2017,1,16,9:00,20:53
u00049,2017,1,17,9:00,17:31
u00049,2017,1,18,9:00,19:42
u00049,2017,1,19,9:00,20:51
u00049,2017,1,20,9:00,20:25
u00049,2017,1,21,9:00,17:34
u00049,2017,1,22,9:00,21:16
u00049,2017,1,23,9:00,20:26
u00049,2017,1,24,9:00,17:58
u00049,2017,1,25,9:00,21:00
u00049,2017,1,26,9:00,20:42
u00049,2017,1,27,9:00,21:22
u00049,2017,1,28,9:00,20:30
u00049,2017,1,29,9:00,19:29
u00049,2017,1,30,9:00,18:41
u00049,2017,1,31,9:00,19:00
u00049,2017,2,1,9:00,19:19
u00049,2017,2,2,9:00,20:19
u00049,2017,2,3,9:00,17:46
u00049,2017,2,4,9:00,18:53
u00049,2017,2,5,9:00,18:30
u00049,2017,2,6,9:00,20:33
u00049,2017,2,7,9:00,19:52
u00049,2017,2,8,9:00,19:33
u00049,2017,2,9,9:00,18:11
u00049,2017,2,10,9:00,19:41
u00049,2017,2,11,9:00,19:41
u00049,2017,2,12,9:00,20:58
u00049,2017,2,13,9:00,18:18
u00049,2017,2,14,9:00,19:06
u00049,2017,2,15,9:00,17:55
u00049,2017,2,16,9:00,20:45
u00049,2017,2,17,9:00,19:06
u00049,2017,2,18,9:00,19:15
u00049,2017,2,19,9:00,20:40
u00049,2017,2,20,9:00,18:07
u00049,2017,2,21,9:00,21:18
u00049,2017,2,22,9:00,19:07
u00049,2017,2,23,9:00,20:06
u00049,2017,2,24,9:00,18:39
u00049,2017,2,25,9:00,21:22
u00049,2017,2,26,9:00,21:07
u00049,2017,2,27,9:00,20:21
u00049,2017,2,28,9:00,19:05
